Workbook

Sheet TW
B1: Fr | E1: Sa | H1: So | K1: Mo | N1: TW-Ges | O1: TW-BL | P1: TW-2L | Q1: 3er | R1: 2er | S1: 1er | T1: ZP
A2: Bächli | B2: =VALUE('34.TT'!$P$31) | D2: Bächli | E2: =VALUE('34.TT'!$P$33) | G2: Bächli | H2: =VALUE('34.TT'!$P$35) | J2: Bächli | K2: =VALUE('34.TT'!$P$37) | M2: Bächli | N2: =VALUE('34.TT'!Q39)+T2 | O2: =VALUE('34.TT'!N39) | P2: =VALUE('34.TT'!O39) | Q2: =COUNTIF('34.TT'!P6:P26,3) | R2: =COUNTIF('34.TT'!P6:P26,2) | S2: =COUNTIF('34.TT'!P6:P26,1)
A3: Bene | B3: =VALUE('34.TT'!$V$31) | D3: Bene | E3: =VALUE('34.TT'!$V$33) | G3: Bene | H3: =VALUE('34.TT'!$V$35) | J3: Bene | K3: =VALUE('34.TT'!$V$37) | M3: Bene | N3: =VALUE('34.TT'!W39)+T3 | O3: =VALUE('34.TT'!T39) | P3: =VALUE('34.TT'!U39) | Q3: =COUNTIF('34.TT'!V6:V26,3) | R3: =COUNTIF('34.TT'!V6:V26,2) | S3: =COUNTIF('34.TT'!V6:V26,1)
A4: Boller | B4: =VALUE('34.TT'!$AB$31) | D4: Boller | E4: =VALUE('34.TT'!$AB$33) | G4: Boller | H4: =VALUE('34.TT'!$AB$35) | J4: Boller | K4: =VALUE('34.TT'!$AB$37) | M4: Boller | N4: =VALUE('34.TT'!AC39)+T4 | O4: =VALUE('34.TT'!Z39) | P4: =VALUE('34.TT'!AA39) | Q4: =COUNTIF('34.TT'!AB6:AB26,3) | R4: =COUNTIF('34.TT'!AB6:AB26,2) | S4: =COUNTIF('34.TT'!AB6:AB26,1)
A5: Bussi | B5: =VALUE('34.TT'!$AH$31) | D5: Bussi | E5: =VALUE('34.TT'!$AH$33) | G5: Bussi | H5: =VALUE('34.TT'!$AH$35) | J5: Bussi | K5: =VALUE('34.TT'!$AH$37) | M5: Bussi | N5: =VALUE('34.TT'!AI39)+T5 | O5: =VALUE('34.TT'!AF39) | P5: =VALUE('34.TT'!AG39) | Q5: =COUNTIF('34.TT'!AH6:AH26,3) | R5: =COUNTIF('34.TT'!AH6:AH26,2) | S5: =COUNTIF('34.TT'!AH6:AH26,1)
A6: Christkind | B6: =VALUE('34.TT'!$AN$31) | D6: Christkind | E6: =VALUE('34.TT'!$AN$33) | G6: Christkind | H6: =VALUE('34.TT'!$AN$35) | J6: Christkind | K6: =VALUE('34.TT'!$AN$37) | M6: Christkind | N6: =VALUE('34.TT'!AO39)+T6 | O6: =VALUE('34.TT'!AL39) | P6: =VALUE('34.TT'!AM39) | Q6: =COUNTIF('34.TT'!AN6:AN26,3) | R6: =COUNTIF('34.TT'!AN6:AN26,2) | S6: =COUNTIF('34.TT'!AN6:AN26,1)
A7: Cordoba | B7: =VALUE('34.TT'!$AT$31) | D7: Cordoba | E7: =VALUE('34.TT'!$AT$33) | G7: Cordoba | H7: =VALUE('34.TT'!$AT$35) | J7: Cordoba | K7: =VALUE('34.TT'!$AT$37) | M7: Cordoba | N7: =VALUE('34.TT'!AU39)+T7 | O7: =VALUE('34.TT'!AR39) | P7: =VALUE('34.TT'!AS39) | Q7: =COUNTIF('34.TT'!AT6:AT26,3) | R7: =COUNTIF('34.TT'!AT6:AT26,2) | S7: =COUNTIF('34.TT'!AT6:AT26,1)
A8: Dellinger | B8: =VALUE('34.TT'!$AZ$31) | D8: Dellinger | E8: =VALUE('34.TT'!$AZ$33) | G8: Dellinger | H8: =VALUE('34.TT'!$AZ$35) | J8: Dellinger | K8: =VALUE('34.TT'!$AZ$37) | M8: Dellinger | N8: =VALUE('34.TT'!BA39)+T8 | O8: =VALUE('34.TT'!AX39) | P8: =VALUE('34.TT'!AY39) | Q8: =COUNTIF('34.TT'!AZ6:AZ26,3) | R8: =COUNTIF('34.TT'!AZ6:AZ26,2) | S8: =COUNTIF('34.TT'!AZ6:AZ26,1)
A9: DerHanseat | B9: =VALUE('34.TT'!$BF$31) | D9: DerHanseat | E9: =VALUE('34.TT'!$BF$33) | G9: DerHanseat | H9: =VALUE('34.TT'!$BF$35) | J9: DerHanseat | K9: =VALUE('34.TT'!$BF$37) | M9: DerHanseat | N9: =VALUE('34.TT'!BG39)+T9 | O9: =VALUE('34.TT'!BD39) | P9: =VALUE('34.TT'!BE39) | Q9: =COUNTIF('34.TT'!BF6:BF26,3) | R9: =COUNTIF('34.TT'!BF6:BF26,2) | S9: =COUNTIF('34.TT'!BF6:BF26,1)
A10: Dr. Rock | B10: =VALUE('34.TT'!$BL$31) | D10: Dr. Rock | E10: =VALUE('34.TT'!$BL$33) | G10: Dr. Rock | H10: =VALUE('34.TT'!$BL$35) | J10: Dr. Rock | K10: =VALUE('34.TT'!$BL$37) | M10: Dr. Rock | N10: =VALUE('34.TT'!BM39)+T10 | O10: =VALUE('34.TT'!BJ39) | P10: =VALUE('34.TT'!BK39) | Q10: =COUNTIF('34.TT'!BL6:BL26,3) | R10: =COUNTIF('34.TT'!BL6:BL26,2) | S10: =COUNTIF('34.TT'!BL6:BL26,1)
A11: Effe | B11: =VALUE('34.TT'!$BR$31) | D11: Effe | E11: =VALUE('34.TT'!$BR$33) | G11: Effe | H11: =VALUE('34.TT'!$BR$35) | J11: Effe | K11: =VALUE('34.TT'!$BR$37) | M11: Effe | N11: =VALUE('34.TT'!BS39)+T11 | O11: =VALUE('34.TT'!BP39) | P11: =VALUE('34.TT'!BQ39) | Q11: =COUNTIF('34.TT'!BR6:BR26,3) | R11: =COUNTIF('34.TT'!BR6:BR26,2) | S11: =COUNTIF('34.TT'!BR6:BR26,1)
A12: Ernst | B12: =VALUE('34.TT'!$BX$31) | D12: Ernst | E12: =VALUE('34.TT'!$BX$33) | G12: Ernst | H12: =VALUE('34.TT'!$BX$35) | J12: Ernst | K12: =VALUE('34.TT'!$BX$37) | M12: Ernst | N12: =VALUE('34.TT'!BY39)+T12 | O12: =VALUE('34.TT'!BV39) | P12: =VALUE('34.TT'!BW39) | Q12: =COUNTIF('34.TT'!BX6:BX26,3) | R12: =COUNTIF('34.TT'!BX6:BX26,2) | S12: =COUNTIF('34.TT'!BX6:BX26,1)
A13: Fips | B13: =VALUE('34.TT'!$CD$31) | D13: Fips | E13: =VALUE('34.TT'!$CD$33) | G13: Fips | H13: =VALUE('34.TT'!$CD$35) | J13: Fips | K13: =VALUE('34.TT'!$CD$37) | M13: Fips | N13: =VALUE('34.TT'!CE39)+T13 | O13: =VALUE('34.TT'!CB39) | P13: =VALUE('34.TT'!CC39) | Q13: =COUNTIF('34.TT'!CD6:CD26,3) | R13: =COUNTIF('34.TT'!CD6:CD26,2) | S13: =COUNTIF('34.TT'!CD6:CD26,1)
A14: Flipp | B14: =VALUE('34.TT'!$CJ$31) | D14: Flipp | E14: =VALUE('34.TT'!$CJ$33) | G14: Flipp | H14: =VALUE('34.TT'!$CJ$35) | J14: Flipp | K14: =VALUE('34.TT'!$CJ$37) | M14: Flipp | N14: =VALUE('34.TT'!CK39)+T14 | O14: =VALUE('34.TT'!CH39) | P14: =VALUE('34.TT'!CI39) | Q14: =COUNTIF('34.TT'!CJ6:CJ26,3) | R14: =COUNTIF('34.TT'!CJ6:CJ26,2) | S14: =COUNTIF('34.TT'!CJ6:CJ26,1)
A15: Focker | B15: =VALUE('34.TT'!$CP$31) | D15: Focker | E15: =VALUE('34.TT'!$CP$33) | G15: Focker | H15: =VALUE('34.TT'!$CP$35) | J15: Focker | K15: =VALUE('34.TT'!$CP$37) | M15: Focker | N15: =VALUE('34.TT'!CQ39)+T15 | O15: =VALUE('34.TT'!CN39) | P15: =VALUE('34.TT'!CO39) | Q15: =COUNTIF('34.TT'!CP6:CP26,3) | R15: =COUNTIF('34.TT'!CP6:CP26,2) | S15: =COUNTIF('34.TT'!CP6:CP26,1)
A16: Gazelle | B16: =VALUE('34.TT'!$CV$31) | D16: Gazelle | E16: =VALUE('34.TT'!$CV$33) | G16: Gazelle | H16: =VALUE('34.TT'!$CV$35) | J16: Gazelle | K16: =VALUE('34.TT'!$CV$37) | M16: Gazelle | N16: =VALUE('34.TT'!CW39)+T16 | O16: =VALUE('34.TT'!CT39) | P16: =VALUE('34.TT'!CU39) | Q16: =COUNTIF('34.TT'!CV6:CV26,3) | R16: =COUNTIF('34.TT'!CV6:CV26,2) | S16: =COUNTIF('34.TT'!CV6:CV26,1)
A17: Highländer | B17: =VALUE('34.TT'!$DB$31) | D17: Highländer | E17: =VALUE('34.TT'!$DB$33) | G17: Highländer | H17: =VALUE('34.TT'!$DB$35) | J17: Highländer | K17: =VALUE('34.TT'!$DB$37) | M17: Highländer | N17: =VALUE('34.TT'!DC39)+T17 | O17: =VALUE('34.TT'!CZ39) | P17: =VALUE('34.TT'!DA39) | Q17: =COUNTIF('34.TT'!DB6:DB26,3) | R17: =COUNTIF('34.TT'!DB6:DB26,2) | S17: =COUNTIF('34.TT'!DB6:DB26,1)
A18: Hoeness | B18: =VALUE('34.TT'!$DH$31) | D18: Hoeness | E18: =VALUE('34.TT'!$DH$33) | G18: Hoeness | H18: =VALUE('34.TT'!$DH$35) | J18: Hoeness | K18: =VALUE('34.TT'!$DH$37) | M18: Hoeness | N18: =VALUE('34.TT'!DI39)+T18 | O18: =VALUE('34.TT'!DF39) | P18: =VALUE('34.TT'!DG39) | Q18: =COUNTIF('34.TT'!DH6:DH26,3) | R18: =COUNTIF('34.TT'!DH6:DH26,2) | S18: =COUNTIF('34.TT'!DH6:DH26,1)
A19: Jay-Jay | B19: =VALUE('34.TT'!$DN$31) | D19: Jay-Jay | E19: =VALUE('34.TT'!$DN$33) | G19: Jay-Jay | H19: =VALUE('34.TT'!$DN$35) | J19: Jay-Jay | K19: =VALUE('34.TT'!$DN$37) | M19: Jay-Jay | N19: =VALUE('34.TT'!DO39)+T19 | O19: =VALUE('34.TT'!DL39) | P19: =VALUE('34.TT'!DM39) | Q19: =COUNTIF('34.TT'!DN6:DN26,3) | R19: =COUNTIF('34.TT'!DN6:DN26,2) | S19: =COUNTIF('34.TT'!DN6:DN26,1)
A20: Jukkel | B20: =VALUE('34.TT'!$DT$31) | D20: Jukkel | E20: =VALUE('34.TT'!$DT$33) | G20: Jukkel | H20: =VALUE('34.TT'!$DT$35) | J20: Jukkel | K20: =VALUE('34.TT'!$DT$37) | M20: Jukkel | N20: =VALUE('34.TT'!DU39)+T20 | O20: =VALUE('34.TT'!DR39) | P20: =VALUE('34.TT'!DS39) | Q20: =COUNTIF('34.TT'!DT6:DT26,3) | R20: =COUNTIF('34.TT'!DT6:DT26,2) | S20: =COUNTIF('34.TT'!DT6:DT26,1)
A21: kl.Schalke | B21: =VALUE('34.TT'!$DZ$31) | D21: kl.Schalke | E21: =VALUE('34.TT'!$DZ$33) | G21: kl.Schalke | H21: =VALUE('34.TT'!$DZ$35) | J21: kl.Schalke | K21: =VALUE('34.TT'!$DZ$37) | M21: kl.Schalke | N21: =VALUE('34.TT'!EA39)+T21 | O21: =VALUE('34.TT'!DX39) | P21: =VALUE('34.TT'!DY39) | Q21: =COUNTIF('34.TT'!DZ6:DZ26,3) | R21: =COUNTIF('34.TT'!DZ6:DZ26,2) | S21: =COUNTIF('34.TT'!DZ6:DZ26,1)
A22: Marilyn | B22: =VALUE('34.TT'!$EF$31) | D22: Marilyn | E22: =VALUE('34.TT'!$EF$33) | G22: Marilyn | H22: =VALUE('34.TT'!$EF$35) | J22: Marilyn | K22: =VALUE('34.TT'!$EF$37) | M22: Marilyn | N22: =VALUE('34.TT'!EG39)+T22 | O22: =VALUE('34.TT'!ED39) | P22: =VALUE('34.TT'!EE39) | Q22: =COUNTIF('34.TT'!EF6:EF26,3) | R22: =COUNTIF('34.TT'!EF6:EF26,2) | S22: =COUNTIF('34.TT'!EF6:EF26,1)
A23: Mazinho | B23: =VALUE('34.TT'!$EL$31) | D23: Mazinho | E23: =VALUE('34.TT'!$EL$33) | G23: Mazinho | H23: =VALUE('34.TT'!$EL$35) | J23: Mazinho | K23: =VALUE('34.TT'!$EL$37) | M23: Mazinho | N23: =VALUE('34.TT'!EM39)+T23 | O23: =VALUE('34.TT'!EJ39) | P23: =VALUE('34.TT'!EK39) | Q23: =COUNTIF('34.TT'!EL6:EL26,3) | R23: =COUNTIF('34.TT'!EL6:EL26,2) | S23: =COUNTIF('34.TT'!EL6:EL26,1)
A24: Parzival | B24: =VALUE('34.TT'!$ER$31) | D24: Parzival | E24: =VALUE('34.TT'!$ER$33) | G24: Parzival | H24: =VALUE('34.TT'!$ER$35) | J24: Parzival | K24: =VALUE('34.TT'!$ER$37) | M24: Parzival | N24: =VALUE('34.TT'!ES39)+T24 | O24: =VALUE('34.TT'!EP39) | P24: =VALUE('34.TT'!EQ39) | Q24: =COUNTIF('34.TT'!ER6:ER26,3) | R24: =COUNTIF('34.TT'!ER6:ER26,2) | S24: =COUNTIF('34.TT'!ER6:ER26,1)
A25: Rammway | B25: =VALUE('34.TT'!$EX$31) | D25: Rammway | E25: =VALUE('34.TT'!$EX$33) | G25: Rammway | H25: =VALUE('34.TT'!$EX$35) | J25: Rammway | K25: =VALUE('34.TT'!$EX$37) | M25: Rammway | N25: =VALUE('34.TT'!EY39)+T25 | O25: =VALUE('34.TT'!EV39) | P25: =VALUE('34.TT'!EW39) | Q25: =COUNTIF('34.TT'!EX6:EX26,3) | R25: =COUNTIF('34.TT'!EX6:EX26,2) | S25: =COUNTIF('34.TT'!EX6:EX26,1)
A26: Richy | B26: =VALUE('34.TT'!$FD$31) | D26: Richy | E26: =VALUE('34.TT'!$FD$33) | G26: Richy | H26: =VALUE('34.TT'!$FD$35) | J26: Richy | K26: =VALUE('34.TT'!$FD$37) | M26: Richy | N26: =VALUE('34.TT'!FE39)+T26 | O26: =VALUE('34.TT'!FB39) | P26: =VALUE('34.TT'!FC39) | Q26: =COUNTIF('34.TT'!FD6:FD26,3) | R26: =COUNTIF('34.TT'!FD6:FD26,2) | S26: =COUNTIF('34.TT'!FD6:FD26,1)
A27: Romax | B27: =VALUE('34.TT'!$FJ$31) | D27: Romax | E27: =VALUE('34.TT'!$FJ$33) | G27: Romax | H27: =VALUE('34.TT'!$FJ$35) | J27: Romax | K27: =VALUE('34.TT'!$FJ$37) | M27: Romax | N27: =VALUE('34.TT'!FK39)+T27 | O27: =VALUE('34.TT'!FH39) | P27: =VALUE('34.TT'!FI39) | Q27: =COUNTIF('34.TT'!FJ6:FJ26,3) | R27: =COUNTIF('34.TT'!FJ6:FJ26,2) | S27: =COUNTIF('34.TT'!FJ6:FJ26,1)
A28: Rörup | B28: =VALUE('34.TT'!$FP$31) | D28: Rörup | E28: =VALUE('34.TT'!$FP$33) | G28: Rörup | H28: =VALUE('34.TT'!$FP$35) | J28: Rörup | K28: =VALUE('34.TT'!$FP$37) | M28: Rörup | N28: =VALUE('34.TT'!FQ39)+T28 | O28: =VALUE('34.TT'!FN39) | P28: =VALUE('34.TT'!FO39) | Q28: =COUNTIF('34.TT'!FP6:FP26,3) | R28: =COUNTIF('34.TT'!FP6:FP26,2) | S28: =COUNTIF('34.TT'!FP6:FP26,1)
A29: Snake | B29: =VALUE('34.TT'!$FV$31) | D29: Snake | E29: =VALUE('34.TT'!$FV$33) | G29: Snake | H29: =VALUE('34.TT'!$FV$35) | J29: Snake | K29: =VALUE('34.TT'!$FV$37) | M29: Snake | N29: =VALUE('34.TT'!FW39)+T29 | O29: =VALUE('34.TT'!FT39) | P29: =VALUE('34.TT'!FU39) | Q29: =COUNTIF('34.TT'!FV6:FV26,3) | R29: =COUNTIF('34.TT'!FV6:FV26,2) | S29: =COUNTIF('34.TT'!FV6:FV26,1)
A30: Underduck | B30: =VALUE('34.TT'!$GB$31) | D30: Underduck | E30: =VALUE('34.TT'!$GB$33) | G30: Underduck | H30: =VALUE('34.TT'!$GB$35) | J30: Underduck | K30: =VALUE('34.TT'!$GB$37) | M30: Underduck | N30: =VALUE('34.TT'!GC39)+T30 | O30: =VALUE('34.TT'!FZ39) | P30: =VALUE('34.TT'!GA39) | Q30: =COUNTIF('34.TT'!GB6:GB26,3) | R30: =COUNTIF('34.TT'!GB6:GB26,2) | S30: =COUNTIF('34.TT'!GB6:GB26,1)
A31: Willi60 | B31: =VALUE('34.TT'!$GH$31) | D31: Willi60 | E31: =VALUE('34.TT'!$GH$33) | G31: Willi60 | H31: =VALUE('34.TT'!$GH$35) | J31: Willi60 | K31: =VALUE('34.TT'!$GH$37) | M31: Willi60 | N31: =VALUE('34.TT'!GI39)+T31 | O31: =VALUE('34.TT'!GF39) | P31: =VALUE('34.TT'!GG39) | Q31: =COUNTIF('34.TT'!GH6:GH26,3) | R31: =COUNTIF('34.TT'!GH6:GH26,2) | S31: =COUNTIF('34.TT'!GH6:GH26,1)
A32: Yeti | B32: =VALUE('34.TT'!$GN$31) | D32: Yeti | E32: =VALUE('34.TT'!$GN$33) | G32: Yeti | H32: =VALUE('34.TT'!$GN$35) | J32: Yeti | K32: =VALUE('34.TT'!$GN$37) | M32: Yeti | N32: =VALUE('34.TT'!GO39)+T32 | O32: =VALUE('34.TT'!GL39) | P32: =VALUE('34.TT'!GM39) | Q32: =COUNTIF('34.TT'!GN6:GN26,3) | R32: =COUNTIF('34.TT'!GN6:GN26,2) | S32: =COUNTIF('34.TT'!GN6:GN26,1)
A33: Yves | B33: =VALUE('34.TT'!$GT$31) | D33: Yves | E33: =VALUE('34.TT'!$GT$33) | G33: Yves | H33: =VALUE('34.TT'!$GT$35) | J33: Yves | K33: =VALUE('34.TT'!$GT37) | M33: Yves | N33: =VALUE('34.TT'!GU39)+T33 | O33: =VALUE('34.TT'!GR39) | P33: =VALUE('34.TT'!GS39) | Q33: =COUNTIF('34.TT'!GT6:GT26,3) | R33: =COUNTIF('34.TT'!GT6:GT26,2) | S33: =COUNTIF('34.TT'!GT6:GT26,1)
B34: =SUM(B2:B33) | E34: =SUM(E2:E33) | H34: =SUM(H2:H33) | K34: =SUM(K2:K33) | N34: =SUM(N2:N33) | O34: =SUM(O2:O33) | P34: =SUM(P2:P33) | Q34: =SUM(Q2:Q33) | R34: =SUM(R2:R33) | S34: =SUM(S2:S33)
B35: =(B34/32) | E35: =(E34/32) | H35: =(H34/32) | K35: =(K34/32) | N35: =(N34/32) | O35: =(O34/32) | P35: =(P34/32) | Q35: =(Q34/32) | R35: =(R34/32) | S35: =(S34/32)
N37: Zusatzpunkte händisch hier eintragen

Sheet 34.TT
B1: 34.TT
B3: 16.05. - 17.05. | D3: Name: | N3: Bächli | T3: Bene | Z3: Boller | AF3: Bussi | AL3: Christkind | AR3: Cordoba | AX3: Dellinger | BD3: derHanseat | BJ3: Dr. Rock | BP3: Effe | BV3: Ernst | CB3: Fips | CH3: Flipp | CN3: Focker | CT3: Gazelle | CZ3: Highländer | DF3: Hoeness | DL3: Jay-Jay | DR3: Jukkel | DX3: kl.Schalke | ED3: Marilyn | EJ3: Mazinho | EP3: Parzival | EV3: Rammway | FB3: Richy | FH3: Romax | FN3: Rörup | FT3: Snake | FZ3: Underduck | GF3: Willi60 | GL3: Yeti | GR3: Yves
B5: 1. Liga | D5: 34. Spieltag | E5: Ergeb. | I5: 3er | J5: 2er | K5: 1er | M5: Tipp | P5: Pkt. | S5: Tipp | V5: Pkt. | Y5: Tipp | AB5: Pkt. | AE5: Tipp | AH5: Pkt. | AK5: Tipp | AN5: Pkt. | AQ5: Tipp | AT5: Pkt. | AW5: Tipp | AZ5: Pkt. | BC5: Tipp | BF5: Pkt. | BI5: Tipp | BL5: Pkt. | BO5: Tipp | BR5: Pkt. | BU5: Tipp | BX5: Pkt. | CA5: Tipp | CD5: Pkt. | CG5: Tipp | CJ5: Pkt. | CM5: Tipp | CP5: Pkt. | CS5: Tipp | CV5: Pkt. | CY5: Tipp | DB5: Pkt. | DE5: Tipp | DH5: Pkt. | DK5: Tipp | DN5: Pkt. | DQ5: Tipp | DT5: Pkt. | DW5: Tipp | DZ5: Pkt. | EC5: Tipp | EF5: Pkt. | EI5: Tipp | EL5: Pkt. | EO5: Tipp | ER5: Pkt. | EU5: Tipp | EX5: Pkt. | FA5: Tipp | FD5: Pkt. | FG5: Tipp | FJ5: Pkt. | FM5: Tipp | FP5: Pkt. | FS5: Tipp | FV5: Pkt. | FY5: Tipp | GB5: Pkt. | GE5: Tipp | GH5: Pkt. | GK5: Tipp | GN5: Pkt. | GQ5: Tipp | GT5: Pkt.
C6: : | F6: : | I6: =COUNTIF(P6,3)+COUNTIF(V6,3)+COUNTIF(AB6,3)+COUNTIF(AH6,3)+COUNTIF(AN6,3)+COUNTIF(AT6,3)+COUNTIF(AZ6,3)+COUNTIF(BF6,3)+COUNTIF(BL6,3)+COUNTIF(BR6,3)+COUNTIF(BX6,3)+COUNTIF(CD6,3)+COUNTIF(CJ6,3)+COUNTIF(CP6,3)+COUNTIF(CV6,3)+COUNTIF(DB6,3)+COUNTIF(DH6,3)+COUNTIF(DN6,3)+COUNTIF(DT6,3)+COUNTIF(DZ6,3)+COUNTIF(EF6,3)+COUNTIF(EL6,3)+COUNTIF(ER6,3)+COUNTIF(EX6,3)+COUNTIF(FD6,3)+COUNTIF(FJ6,3)+COUNTIF(FP6,3)+COUNTIF(FV6,3)+COUNTIF(GB6,3)+COUNTIF(GH6,3)+COUNTIF(GN6,3)+COUNTIF(GT6,3) | J6: =COUNTIF(P6,2)+COUNTIF(V6,2)+COUNTIF(AB6,2)+COUNTIF(AH6,2)+COUNTIF(AN6,2)+COUNTIF(AT6,2)+COUNTIF(AZ6,2)+COUNTIF(BF6,2)+COUNTIF(BL6,2)+COUNTIF(BR6,2)+COUNTIF(BX6,2)+COUNTIF(CD6,2)+COUNTIF(CJ6,2)+COUNTIF(CP6,2)+COUNTIF(CV6,2)+COUNTIF(DB6,2)+COUNTIF(DH6,2)+COUNTIF(DN6,2)+COUNTIF(DT6,2)+COUNTIF(DZ6,2)+COUNTIF(EF6,2)+COUNTIF(EL6,2)+COUNTIF(ER6,2)+COUNTIF(EX6,2)+COUNTIF(FD6,2)+COUNTIF(FJ6,2)+COUNTIF(FP6,2)+COUNTIF(FV6,2)+COUNTIF(GB6,2)+COUNTIF(GH6,2)+COUNTIF(GN6,2)+COUNTIF(GT6,2) | K6: =COUNTIF(P6,1)+COUNTIF(V6,1)+COUNTIF(AB6,1)+COUNTIF(AH6,1)+COUNTIF(AN6,1)+COUNTIF(AT6,1)+COUNTIF(AZ6,1)+COUNTIF(BF6,1)+COUNTIF(BL6,1)+COUNTIF(BR6,1)+COUNTIF(BX6,1)+COUNTIF(CD6,1)+COUNTIF(CJ6,1)+COUNTIF(CP6,1)+COUNTIF(CV6,1)+COUNTIF(DB6,1)+COUNTIF(DH6,1)+COUNTIF(DN6,1)+COUNTIF(DT6,1)+COUNTIF(DZ6,1)+COUNTIF(EF6,1)+COUNTIF(EL6,1)+COUNTIF(ER6,1)+COUNTIF(EX6,1)+COUNTIF(FD6,1)+COUNTIF(FJ6,1)+COUNTIF(FP6,1)+COUNTIF(FV6,1)+COUNTIF(GB6,1)+COUNTIF(GH6,1)+COUNTIF(GN6,1)+COUNTIF(GT6,1) | N6: : | P6: =IF(ISBLANK($E6),"",(IF(ISBLANK(M6),0,IF((($E6=M6)*($G6=O6))*NOT(ISBLANK($E6)),1,0)+((($E6>$G6)*(M6>O6))+(($E6<$G6)*(M6<O6))+(($E6=$G6)*(M6=O6)))-ISBLANK($E6)*(M6=O6)+(($E6-$G6)=(M6-O6))))) | T6: : | V6: =IF(ISBLANK($E6),"",(IF(ISBLANK(S6),0,IF((($E6=S6)*($G6=U6))*NOT(ISBLANK($E6)),1,0)+((($E6>$G6)*(S6>U6))+(($E6<$G6)*(S6<U6))+(($E6=$G6)*(S6=U6)))-ISBLANK($E6)*(S6=U6)+(($E6-$G6)=(S6-U6))))) | Z6: : | AB6: =IF(ISBLANK($E6),"",(IF(ISBLANK(Y6),0,IF((($E6=Y6)*($G6=AA6))*NOT(ISBLANK($E6)),1,0)+((($E6>$G6)*(Y6>AA6))+(($E6<$G6)*(Y6<AA6))+(($E6=$G6)*(Y6=AA6)))-ISBLANK($E6)*(Y6=AA6)+(($E6-$G6)=(Y6-AA6))))) | AF6: : | AH6: =IF(ISBLANK($E6),"",(IF(ISBLANK(AE6),0,IF((($E6=AE6)*($G6=AG6))*NOT(ISBLANK($E6)),1,0)+((($E6>$G6)*(AE6>AG6))+(($E6<$G6)*(AE6<AG6))+(($E6=$G6)*(AE6=AG6)))-ISBLANK($E6)*(AE6=AG6)+(($E6-$G6)=(AE6-AG6))))) | AL6: : | AN6: =IF(ISBLANK($E6),"",(IF(ISBLANK(AK6),0,IF((($E6=AK6)*($G6=AM6))*NOT(ISBLANK($E6)),1,0)+((($E6>$G6)*(AK6>AM6))+(($E6<$G6)*(AK6<AM6))+(($E6=$G6)*(AK6=AM6)))-ISBLANK($E6)*(AK6=AM6)+(($E6-$G6)=(AK6-AM6))))) | AR6: : | AT6: =IF(ISBLANK($E6),"",(IF(ISBLANK(AQ6),0,IF((($E6=AQ6)*($G6=AS6))*NOT(ISBLANK($E6)),1,0)+((($E6>$G6)*(AQ6>AS6))+(($E6<$G6)*(AQ6<AS6))+(($E6=$G6)*(AQ6=AS6)))-ISBLANK($E6)*(AQ6=AS6)+(($E6-$G6)=(AQ6-AS6))))) | AX6: : | AZ6: =IF(ISBLANK($E6),"",(IF(ISBLANK(AW6),0,IF((($E6=AW6)*($G6=AY6))*NOT(ISBLANK($E6)),1,0)+((($E6>$G6)*(AW6>AY6))+(($E6<$G6)*(AW6<AY6))+(($E6=$G6)*(AW6=AY6)))-ISBLANK($E6)*(AW6=AY6)+(($E6-$G6)=(AW6-AY6))))) | BD6: : | BF6: =IF(ISBLANK($E6),"",(IF(ISBLANK(BC6),0,IF((($E6=BC6)*($G6=BE6))*NOT(ISBLANK($E6)),1,0)+((($E6>$G6)*(BC6>BE6))+(($E6<$G6)*(BC6<BE6))+(($E6=$G6)*(BC6=BE6)))-ISBLANK($E6)*(BC6=BE6)+(($E6-$G6)=(BC6-BE6))))) | BJ6: : | BL6: =IF(ISBLANK($E6),"",(IF(ISBLANK(BI6),0,IF((($E6=BI6)*($G6=BK6))*NOT(ISBLANK($E6)),1,0)+((($E6>$G6)*(BI6>BK6))+(($E6<$G6)*(BI6<BK6))+(($E6=$G6)*(BI6=BK6)))-ISBLANK($E6)*(BI6=BK6)+(($E6-$G6)=(BI6-BK6))))) | BP6: : | BR6: =IF(ISBLANK($E6),"",(IF(ISBLANK(BO6),0,IF((($E6=BO6)*($G6=BQ6))*NOT(ISBLANK($E6)),1,0)+((($E6>$G6)*(BO6>BQ6))+(($E6<$G6)*(BO6<BQ6))+(($E6=$G6)*(BO6=BQ6)))-ISBLANK($E6)*(BO6=BQ6)+(($E6-$G6)=(BO6-BQ6))))) | BV6: : | BX6: =IF(ISBLANK($E6),"",(IF(ISBLANK(BU6),0,IF((($E6=BU6)*($G6=BW6))*NOT(ISBLANK($E6)),1,0)+((($E6>$G6)*(BU6>BW6))+(($E6<$G6)*(BU6<BW6))+(($E6=$G6)*(BU6=BW6)))-ISBLANK($E6)*(BU6=BW6)+(($E6-$G6)=(BU6-BW6))))) | CB6: : | CD6: =IF(ISBLANK($E6),"",(IF(ISBLANK(CA6),0,IF((($E6=CA6)*($G6=CC6))*NOT(ISBLANK($E6)),1,0)+((($E6>$G6)*(CA6>CC6))+(($E6<$G6)*(CA6<CC6))+(($E6=$G6)*(CA6=CC6)))-ISBLANK($E6)*(CA6=CC6)+(($E6-$G6)=(CA6-CC6))))) | CH6: : | CJ6: =IF(ISBLANK($E6),"",(IF(ISBLANK(CG6),0,IF((($E6=CG6)*($G6=CI6))*NOT(ISBLANK($E6)),1,0)+((($E6>$G6)*(CG6>CI6))+(($E6<$G6)*(CG6<CI6))+(($E6=$G6)*(CG6=CI6)))-ISBLANK($E6)*(CG6=CI6)+(($E6-$G6)=(CG6-CI6))))) | CN6: : | CP6: =IF(ISBLANK($E6),"",(IF(ISBLANK(CM6),0,IF((($E6=CM6)*($G6=CO6))*NOT(ISBLANK($E6)),1,0)+((($E6>$G6)*(CM6>CO6))+(($E6<$G6)*(CM6<CO6))+(($E6=$G6)*(CM6=CO6)))-ISBLANK($E6)*(CM6=CO6)+(($E6-$G6)=(CM6-CO6))))) | CT6: : | CV6: =IF(ISBLANK($E6),"",(IF(ISBLANK(CS6),0,IF((($E6=CS6)*($G6=CU6))*NOT(ISBLANK($E6)),1,0)+((($E6>$G6)*(CS6>CU6))+(($E6<$G6)*(CS6<CU6))+(($E6=$G6)*(CS6=CU6)))-ISBLANK($E6)*(CS6=CU6)+(($E6-$G6)=(CS6-CU6))))) | CZ6: : | DB6: =IF(ISBLANK($E6),"",(IF(ISBLANK(CY6),0,IF((($E6=CY6)*($G6=DA6))*NOT(ISBLANK($E6)),1,0)+((($E6>$G6)*(CY6>DA6))+(($E6<$G6)*(CY6<DA6))+(($E6=$G6)*(CY6=DA6)))-ISBLANK($E6)*(CY6=DA6)+(($E6-$G6)=(CY6-DA6))))) | DF6: : | DH6: =IF(ISBLANK($E6),"",(IF(ISBLANK(DE6),0,IF((($E6=DE6)*($G6=DG6))*NOT(ISBLANK($E6)),1,0)+((($E6>$G6)*(DE6>DG6))+(($E6<$G6)*(DE6<DG6))+(($E6=$G6)*(DE6=DG6)))-ISBLANK($E6)*(DE6=DG6)+(($E6-$G6)=(DE6-DG6))))) | DL6: : | DN6: =IF(ISBLANK($E6),"",(IF(ISBLANK(DK6),0,IF((($E6=DK6)*($G6=DM6))*NOT(ISBLANK($E6)),1,0)+((($E6>$G6)*(DK6>DM6))+(($E6<$G6)*(DK6<DM6))+(($E6=$G6)*(DK6=DM6)))-ISBLANK($E6)*(DK6=DM6)+(($E6-$G6)=(DK6-DM6))))) | DR6: : | DT6: =IF(ISBLANK($E6),"",(IF(ISBLANK(DQ6),0,IF((($E6=DQ6)*($G6=DS6))*NOT(ISBLANK($E6)),1,0)+((($E6>$G6)*(DQ6>DS6))+(($E6<$G6)*(DQ6<DS6))+(($E6=$G6)*(DQ6=DS6)))-ISBLANK($E6)*(DQ6=DS6)+(($E6-$G6)=(DQ6-DS6))))) | DX6: : | DZ6: =IF(ISBLANK($E6),"",(IF(ISBLANK(DW6),0,IF((($E6=DW6)*($G6=DY6))*NOT(ISBLANK($E6)),1,0)+((($E6>$G6)*(DW6>DY6))+(($E6<$G6)*(DW6<DY6))+(($E6=$G6)*(DW6=DY6)))-ISBLANK($E6)*(DW6=DY6)+(($E6-$G6)=(DW6-DY6))))) | ED6: : | EF6: =IF(ISBLANK($E6),"",(IF(ISBLANK(EC6),0,IF((($E6=EC6)*($G6=EE6))*NOT(ISBLANK($E6)),1,0)+((($E6>$G6)*(EC6>EE6))+(($E6<$G6)*(EC6<EE6))+(($E6=$G6)*(EC6=EE6)))-ISBLANK($E6)*(EC6=EE6)+(($E6-$G6)=(EC6-EE6))))) | EJ6: : | EL6: =IF(ISBLANK($E6),"",(IF(ISBLANK(EI6),0,IF((($E6=EI6)*($G6=EK6))*NOT(ISBLANK($E6)),1,0)+((($E6>$G6)*(EI6>EK6))+(($E6<$G6)*(EI6<EK6))+(($E6=$G6)*(EI6=EK6)))-ISBLANK($E6)*(EI6=EK6)+(($E6-$G6)=(EI6-EK6))))) | EP6: : | ER6: =IF(ISBLANK($E6),"",(IF(ISBLANK(EO6),0,IF((($E6=EO6)*($G6=EQ6))*NOT(ISBLANK($E6)),1,0)+((($E6>$G6)*(EO6>EQ6))+(($E6<$G6)*(EO6<EQ6))+(($E6=$G6)*(EO6=EQ6)))-ISBLANK($E6)*(EO6=EQ6)+(($E6-$G6)=(EO6-EQ6))))) | EV6: : | EX6: =IF(ISBLANK($E6),"",(IF(ISBLANK(EU6),0,IF((($E6=EU6)*($G6=EW6))*NOT(ISBLANK($E6)),1,0)+((($E6>$G6)*(EU6>EW6))+(($E6<$G6)*(EU6<EW6))+(($E6=$G6)*(EU6=EW6)))-ISBLANK($E6)*(EU6=EW6)+(($E6-$G6)=(EU6-EW6))))) | FB6: : | FD6: =IF(ISBLANK($E6),"",(IF(ISBLANK(FA6),0,IF((($E6=FA6)*($G6=FC6))*NOT(ISBLANK($E6)),1,0)+((($E6>$G6)*(FA6>FC6))+(($E6<$G6)*(FA6<FC6))+(($E6=$G6)*(FA6=FC6)))-ISBLANK($E6)*(FA6=FC6)+(($E6-$G6)=(FA6-FC6))))) | FH6: : | FJ6: =IF(ISBLANK($E6),"",(IF(ISBLANK(FG6),0,IF((($E6=FG6)*($G6=FI6))*NOT(ISBLANK($E6)),1,0)+((($E6>$G6)*(FG6>FI6))+(($E6<$G6)*(FG6<FI6))+(($E6=$G6)*(FG6=FI6)))-ISBLANK($E6)*(FG6=FI6)+(($E6-$G6)=(FG6-FI6))))) | FN6: : | FP6: =IF(ISBLANK($E6),"",(IF(ISBLANK(FM6),0,IF((($E6=FM6)*($G6=FO6))*NOT(ISBLANK($E6)),1,0)+((($E6>$G6)*(FM6>FO6))+(($E6<$G6)*(FM6<FO6))+(($E6=$G6)*(FM6=FO6)))-ISBLANK($E6)*(FM6=FO6)+(($E6-$G6)=(FM6-FO6))))) | FT6: : | FV6: =IF(ISBLANK($E6),"",(IF(ISBLANK(FS6),0,IF((($E6=FS6)*($G6=FU6))*NOT(ISBLANK($E6)),1,0)+((($E6>$G6)*(FS6>FU6))+(($E6<$G6)*(FS6<FU6))+(($E6=$G6)*(FS6=FU6)))-ISBLANK($E6)*(FS6=FU6)+(($E6-$G6)=(FS6-FU6))))) | FZ6: : | GB6: =IF(ISBLANK($E6),"",(IF(ISBLANK(FY6),0,IF((($E6=FY6)*($G6=GA6))*NOT(ISBLANK($E6)),1,0)+((($E6>$G6)*(FY6>GA6))+(($E6<$G6)*(FY6<GA6))+(($E6=$G6)*(FY6=GA6)))-ISBLANK($E6)*(FY6=GA6)+(($E6-$G6)=(FY6-GA6))))) | GF6: : | GH6: =IF(ISBLANK($E6),"",(IF(ISBLANK(GE6),0,IF((($E6=GE6)*($G6=GG6))*NOT(ISBLANK($E6)),1,0)+((($E6>$G6)*(GE6>GG6))+(($E6<$G6)*(GE6<GG6))+(($E6=$G6)*(GE6=GG6)))-ISBLANK($E6)*(GE6=GG6)+(($E6-$G6)=(GE6-GG6))))) | GL6: : | GN6: =IF(ISBLANK($E6),"",(IF(ISBLANK(GK6),0,IF((($E6=GK6)*($G6=GM6))*NOT(ISBLANK($E6)),1,0)+((($E6>$G6)*(GK6>GM6))+(($E6<$G6)*(GK6<GM6))+(($E6=$G6)*(GK6=GM6)))-ISBLANK($E6)*(GK6=GM6)+(($E6-$G6)=(GK6-GM6))))) | GR6: : | GT6: =IF(ISBLANK($E6),"",(IF(ISBLANK(GQ6),0,IF((($E6=GQ6)*($G6=GS6))*NOT(ISBLANK($E6)),1,0)+((($E6>$G6)*(GQ6>GS6))+(($E6<$G6)*(GQ6<GS6))+(($E6=$G6)*(GQ6=GS6)))-ISBLANK($E6)*(GQ6=GS6)+(($E6-$G6)=(GQ6-GS6)))))
C7: : | F7: : | I7: =COUNTIF(P7,3)+COUNTIF(V7,3)+COUNTIF(AB7,3)+COUNTIF(AH7,3)+COUNTIF(AN7,3)+COUNTIF(AT7,3)+COUNTIF(AZ7,3)+COUNTIF(BF7,3)+COUNTIF(BL7,3)+COUNTIF(BR7,3)+COUNTIF(BX7,3)+COUNTIF(CD7,3)+COUNTIF(CJ7,3)+COUNTIF(CP7,3)+COUNTIF(CV7,3)+COUNTIF(DB7,3)+COUNTIF(DH7,3)+COUNTIF(DN7,3)+COUNTIF(DT7,3)+COUNTIF(DZ7,3)+COUNTIF(EF7,3)+COUNTIF(EL7,3)+COUNTIF(ER7,3)+COUNTIF(EX7,3)+COUNTIF(FD7,3)+COUNTIF(FJ7,3)+COUNTIF(FP7,3)+COUNTIF(FV7,3)+COUNTIF(GB7,3)+COUNTIF(GH7,3)+COUNTIF(GN7,3)+COUNTIF(GT7,3) | J7: =COUNTIF(P7,2)+COUNTIF(V7,2)+COUNTIF(AB7,2)+COUNTIF(AH7,2)+COUNTIF(AN7,2)+COUNTIF(AT7,2)+COUNTIF(AZ7,2)+COUNTIF(BF7,2)+COUNTIF(BL7,2)+COUNTIF(BR7,2)+COUNTIF(BX7,2)+COUNTIF(CD7,2)+COUNTIF(CJ7,2)+COUNTIF(CP7,2)+COUNTIF(CV7,2)+COUNTIF(DB7,2)+COUNTIF(DH7,2)+COUNTIF(DN7,2)+COUNTIF(DT7,2)+COUNTIF(DZ7,2)+COUNTIF(EF7,2)+COUNTIF(EL7,2)+COUNTIF(ER7,2)+COUNTIF(EX7,2)+COUNTIF(FD7,2)+COUNTIF(FJ7,2)+COUNTIF(FP7,2)+COUNTIF(FV7,2)+COUNTIF(GB7,2)+COUNTIF(GH7,2)+COUNTIF(GN7,2)+COUNTIF(GT7,2) | K7: =COUNTIF(P7,1)+COUNTIF(V7,1)+COUNTIF(AB7,1)+COUNTIF(AH7,1)+COUNTIF(AN7,1)+COUNTIF(AT7,1)+COUNTIF(AZ7,1)+COUNTIF(BF7,1)+COUNTIF(BL7,1)+COUNTIF(BR7,1)+COUNTIF(BX7,1)+COUNTIF(CD7,1)+COUNTIF(CJ7,1)+COUNTIF(CP7,1)+COUNTIF(CV7,1)+COUNTIF(DB7,1)+COUNTIF(DH7,1)+COUNTIF(DN7,1)+COUNTIF(DT7,1)+COUNTIF(DZ7,1)+COUNTIF(EF7,1)+COUNTIF(EL7,1)+COUNTIF(ER7,1)+COUNTIF(EX7,1)+COUNTIF(FD7,1)+COUNTIF(FJ7,1)+COUNTIF(FP7,1)+COUNTIF(FV7,1)+COUNTIF(GB7,1)+COUNTIF(GH7,1)+COUNTIF(GN7,1)+COUNTIF(GT7,1) | N7: : | P7: =IF(ISBLANK($E7),"",(IF(ISBLANK(M7),0,IF((($E7=M7)*($G7=O7))*NOT(ISBLANK($E7)),1,0)+((($E7>$G7)*(M7>O7))+(($E7<$G7)*(M7<O7))+(($E7=$G7)*(M7=O7)))-ISBLANK($E7)*(M7=O7)+(($E7-$G7)=(M7-O7))))) | T7: : | V7: =IF(ISBLANK($E7),"",(IF(ISBLANK(S7),0,IF((($E7=S7)*($G7=U7))*NOT(ISBLANK($E7)),1,0)+((($E7>$G7)*(S7>U7))+(($E7<$G7)*(S7<U7))+(($E7=$G7)*(S7=U7)))-ISBLANK($E7)*(S7=U7)+(($E7-$G7)=(S7-U7))))) | Z7: : | AB7: =IF(ISBLANK($E7),"",(IF(ISBLANK(Y7),0,IF((($E7=Y7)*($G7=AA7))*NOT(ISBLANK($E7)),1,0)+((($E7>$G7)*(Y7>AA7))+(($E7<$G7)*(Y7<AA7))+(($E7=$G7)*(Y7=AA7)))-ISBLANK($E7)*(Y7=AA7)+(($E7-$G7)=(Y7-AA7))))) | AF7: : | AH7: =IF(ISBLANK($E7),"",(IF(ISBLANK(AE7),0,IF((($E7=AE7)*($G7=AG7))*NOT(ISBLANK($E7)),1,0)+((($E7>$G7)*(AE7>AG7))+(($E7<$G7)*(AE7<AG7))+(($E7=$G7)*(AE7=AG7)))-ISBLANK($E7)*(AE7=AG7)+(($E7-$G7)=(AE7-AG7))))) | AL7: : | AN7: =IF(ISBLANK($E7),"",(IF(ISBLANK(AK7),0,IF((($E7=AK7)*($G7=AM7))*NOT(ISBLANK($E7)),1,0)+((($E7>$G7)*(AK7>AM7))+(($E7<$G7)*(AK7<AM7))+(($E7=$G7)*(AK7=AM7)))-ISBLANK($E7)*(AK7=AM7)+(($E7-$G7)=(AK7-AM7))))) | AR7: : | AT7: =IF(ISBLANK($E7),"",(IF(ISBLANK(AQ7),0,IF((($E7=AQ7)*($G7=AS7))*NOT(ISBLANK($E7)),1,0)+((($E7>$G7)*(AQ7>AS7))+(($E7<$G7)*(AQ7<AS7))+(($E7=$G7)*(AQ7=AS7)))-ISBLANK($E7)*(AQ7=AS7)+(($E7-$G7)=(AQ7-AS7))))) | AX7: : | AZ7: =IF(ISBLANK($E7),"",(IF(ISBLANK(AW7),0,IF((($E7=AW7)*($G7=AY7))*NOT(ISBLANK($E7)),1,0)+((($E7>$G7)*(AW7>AY7))+(($E7<$G7)*(AW7<AY7))+(($E7=$G7)*(AW7=AY7)))-ISBLANK($E7)*(AW7=AY7)+(($E7-$G7)=(AW7-AY7))))) | BD7: : | BF7: =IF(ISBLANK($E7),"",(IF(ISBLANK(BC7),0,IF((($E7=BC7)*($G7=BE7))*NOT(ISBLANK($E7)),1,0)+((($E7>$G7)*(BC7>BE7))+(($E7<$G7)*(BC7<BE7))+(($E7=$G7)*(BC7=BE7)))-ISBLANK($E7)*(BC7=BE7)+(($E7-$G7)=(BC7-BE7))))) | BJ7: : | BL7: =IF(ISBLANK($E7),"",(IF(ISBLANK(BI7),0,IF((($E7=BI7)*($G7=BK7))*NOT(ISBLANK($E7)),1,0)+((($E7>$G7)*(BI7>BK7))+(($E7<$G7)*(BI7<BK7))+(($E7=$G7)*(BI7=BK7)))-ISBLANK($E7)*(BI7=BK7)+(($E7-$G7)=(BI7-BK7))))) | BP7: : | BR7: =IF(ISBLANK($E7),"",(IF(ISBLANK(BO7),0,IF((($E7=BO7)*($G7=BQ7))*NOT(ISBLANK($E7)),1,0)+((($E7>$G7)*(BO7>BQ7))+(($E7<$G7)*(BO7<BQ7))+(($E7=$G7)*(BO7=BQ7)))-ISBLANK($E7)*(BO7=BQ7)+(($E7-$G7)=(BO7-BQ7))))) | BV7: : | BX7: =IF(ISBLANK($E7),"",(IF(ISBLANK(BU7),0,IF((($E7=BU7)*($G7=BW7))*NOT(ISBLANK($E7)),1,0)+((($E7>$G7)*(BU7>BW7))+(($E7<$G7)*(BU7<BW7))+(($E7=$G7)*(BU7=BW7)))-ISBLANK($E7)*(BU7=BW7)+(($E7-$G7)=(BU7-BW7))))) | CB7: : | CD7: =IF(ISBLANK($E7),"",(IF(ISBLANK(CA7),0,IF((($E7=CA7)*($G7=CC7))*NOT(ISBLANK($E7)),1,0)+((($E7>$G7)*(CA7>CC7))+(($E7<$G7)*(CA7<CC7))+(($E7=$G7)*(CA7=CC7)))-ISBLANK($E7)*(CA7=CC7)+(($E7-$G7)=(CA7-CC7))))) | CH7: : | CJ7: =IF(ISBLANK($E7),"",(IF(ISBLANK(CG7),0,IF((($E7=CG7)*($G7=CI7))*NOT(ISBLANK($E7)),1,0)+((($E7>$G7)*(CG7>CI7))+(($E7<$G7)*(CG7<CI7))+(($E7=$G7)*(CG7=CI7)))-ISBLANK($E7)*(CG7=CI7)+(($E7-$G7)=(CG7-CI7))))) | CN7: : | CP7: =IF(ISBLANK($E7),"",(IF(ISBLANK(CM7),0,IF((($E7=CM7)*($G7=CO7))*NOT(ISBLANK($E7)),1,0)+((($E7>$G7)*(CM7>CO7))+(($E7<$G7)*(CM7<CO7))+(($E7=$G7)*(CM7=CO7)))-ISBLANK($E7)*(CM7=CO7)+(($E7-$G7)=(CM7-CO7))))) | CT7: : | CV7: =IF(ISBLANK($E7),"",(IF(ISBLANK(CS7),0,IF((($E7=CS7)*($G7=CU7))*NOT(ISBLANK($E7)),1,0)+((($E7>$G7)*(CS7>CU7))+(($E7<$G7)*(CS7<CU7))+(($E7=$G7)*(CS7=CU7)))-ISBLANK($E7)*(CS7=CU7)+(($E7-$G7)=(CS7-CU7))))) | CZ7: : | DB7: =IF(ISBLANK($E7),"",(IF(ISBLANK(CY7),0,IF((($E7=CY7)*($G7=DA7))*NOT(ISBLANK($E7)),1,0)+((($E7>$G7)*(CY7>DA7))+(($E7<$G7)*(CY7<DA7))+(($E7=$G7)*(CY7=DA7)))-ISBLANK($E7)*(CY7=DA7)+(($E7-$G7)=(CY7-DA7))))) | DF7: : | DH7: =IF(ISBLANK($E7),"",(IF(ISBLANK(DE7),0,IF((($E7=DE7)*($G7=DG7))*NOT(ISBLANK($E7)),1,0)+((($E7>$G7)*(DE7>DG7))+(($E7<$G7)*(DE7<DG7))+(($E7=$G7)*(DE7=DG7)))-ISBLANK($E7)*(DE7=DG7)+(($E7-$G7)=(DE7-DG7))))) | DL7: : | DN7: =IF(ISBLANK($E7),"",(IF(ISBLANK(DK7),0,IF((($E7=DK7)*($G7=DM7))*NOT(ISBLANK($E7)),1,0)+((($E7>$G7)*(DK7>DM7))+(($E7<$G7)*(DK7<DM7))+(($E7=$G7)*(DK7=DM7)))-ISBLANK($E7)*(DK7=DM7)+(($E7-$G7)=(DK7-DM7))))) | DR7: : | DT7: =IF(ISBLANK($E7),"",(IF(ISBLANK(DQ7),0,IF((($E7=DQ7)*($G7=DS7))*NOT(ISBLANK($E7)),1,0)+((($E7>$G7)*(DQ7>DS7))+(($E7<$G7)*(DQ7<DS7))+(($E7=$G7)*(DQ7=DS7)))-ISBLANK($E7)*(DQ7=DS7)+(($E7-$G7)=(DQ7-DS7))))) | DX7: : | DZ7: =IF(ISBLANK($E7),"",(IF(ISBLANK(DW7),0,IF((($E7=DW7)*($G7=DY7))*NOT(ISBLANK($E7)),1,0)+((($E7>$G7)*(DW7>DY7))+(($E7<$G7)*(DW7<DY7))+(($E7=$G7)*(DW7=DY7)))-ISBLANK($E7)*(DW7=DY7)+(($E7-$G7)=(DW7-DY7))))) | ED7: : | EF7: =IF(ISBLANK($E7),"",(IF(ISBLANK(EC7),0,IF((($E7=EC7)*($G7=EE7))*NOT(ISBLANK($E7)),1,0)+((($E7>$G7)*(EC7>EE7))+(($E7<$G7)*(EC7<EE7))+(($E7=$G7)*(EC7=EE7)))-ISBLANK($E7)*(EC7=EE7)+(($E7-$G7)=(EC7-EE7))))) | EJ7: : | EL7: =IF(ISBLANK($E7),"",(IF(ISBLANK(EI7),0,IF((($E7=EI7)*($G7=EK7))*NOT(ISBLANK($E7)),1,0)+((($E7>$G7)*(EI7>EK7))+(($E7<$G7)*(EI7<EK7))+(($E7=$G7)*(EI7=EK7)))-ISBLANK($E7)*(EI7=EK7)+(($E7-$G7)=(EI7-EK7))))) | EP7: : | ER7: =IF(ISBLANK($E7),"",(IF(ISBLANK(EO7),0,IF((($E7=EO7)*($G7=EQ7))*NOT(ISBLANK($E7)),1,0)+((($E7>$G7)*(EO7>EQ7))+(($E7<$G7)*(EO7<EQ7))+(($E7=$G7)*(EO7=EQ7)))-ISBLANK($E7)*(EO7=EQ7)+(($E7-$G7)=(EO7-EQ7))))) | EV7: : | EX7: =IF(ISBLANK($E7),"",(IF(ISBLANK(EU7),0,IF((($E7=EU7)*($G7=EW7))*NOT(ISBLANK($E7)),1,0)+((($E7>$G7)*(EU7>EW7))+(($E7<$G7)*(EU7<EW7))+(($E7=$G7)*(EU7=EW7)))-ISBLANK($E7)*(EU7=EW7)+(($E7-$G7)=(EU7-EW7))))) | FB7: : | FD7: =IF(ISBLANK($E7),"",(IF(ISBLANK(FA7),0,IF((($E7=FA7)*($G7=FC7))*NOT(ISBLANK($E7)),1,0)+((($E7>$G7)*(FA7>FC7))+(($E7<$G7)*(FA7<FC7))+(($E7=$G7)*(FA7=FC7)))-ISBLANK($E7)*(FA7=FC7)+(($E7-$G7)=(FA7-FC7))))) | FH7: : | FJ7: =IF(ISBLANK($E7),"",(IF(ISBLANK(FG7),0,IF((($E7=FG7)*($G7=FI7))*NOT(ISBLANK($E7)),1,0)+((($E7>$G7)*(FG7>FI7))+(($E7<$G7)*(FG7<FI7))+(($E7=$G7)*(FG7=FI7)))-ISBLANK($E7)*(FG7=FI7)+(($E7-$G7)=(FG7-FI7))))) | FN7: : | FP7: =IF(ISBLANK($E7),"",(IF(ISBLANK(FM7),0,IF((($E7=FM7)*($G7=FO7))*NOT(ISBLANK($E7)),1,0)+((($E7>$G7)*(FM7>FO7))+(($E7<$G7)*(FM7<FO7))+(($E7=$G7)*(FM7=FO7)))-ISBLANK($E7)*(FM7=FO7)+(($E7-$G7)=(FM7-FO7))))) | FT7: : | FV7: =IF(ISBLANK($E7),"",(IF(ISBLANK(FS7),0,IF((($E7=FS7)*($G7=FU7))*NOT(ISBLANK($E7)),1,0)+((($E7>$G7)*(FS7>FU7))+(($E7<$G7)*(FS7<FU7))+(($E7=$G7)*(FS7=FU7)))-ISBLANK($E7)*(FS7=FU7)+(($E7-$G7)=(FS7-FU7))))) | FZ7: : | GB7: =IF(ISBLANK($E7),"",(IF(ISBLANK(FY7),0,IF((($E7=FY7)*($G7=GA7))*NOT(ISBLANK($E7)),1,0)+((($E7>$G7)*(FY7>GA7))+(($E7<$G7)*(FY7<GA7))+(($E7=$G7)*(FY7=GA7)))-ISBLANK($E7)*(FY7=GA7)+(($E7-$G7)=(FY7-GA7))))) | GF7: : | GH7: =IF(ISBLANK($E7),"",(IF(ISBLANK(GE7),0,IF((($E7=GE7)*($G7=GG7))*NOT(ISBLANK($E7)),1,0)+((($E7>$G7)*(GE7>GG7))+(($E7<$G7)*(GE7<GG7))+(($E7=$G7)*(GE7=GG7)))-ISBLANK($E7)*(GE7=GG7)+(($E7-$G7)=(GE7-GG7))))) | GL7: : | GN7: =IF(ISBLANK($E7),"",(IF(ISBLANK(GK7),0,IF((($E7=GK7)*($G7=GM7))*NOT(ISBLANK($E7)),1,0)+((($E7>$G7)*(GK7>GM7))+(($E7<$G7)*(GK7<GM7))+(($E7=$G7)*(GK7=GM7)))-ISBLANK($E7)*(GK7=GM7)+(($E7-$G7)=(GK7-GM7))))) | GR7: : | GT7: =IF(ISBLANK($E7),"",(IF(ISBLANK(GQ7),0,IF((($E7=GQ7)*($G7=GS7))*NOT(ISBLANK($E7)),1,0)+((($E7>$G7)*(GQ7>GS7))+(($E7<$G7)*(GQ7<GS7))+(($E7=$G7)*(GQ7=GS7)))-ISBLANK($E7)*(GQ7=GS7)+(($E7-$G7)=(GQ7-GS7)))))
C8: : | F8: : | I8: =COUNTIF(P8,3)+COUNTIF(V8,3)+COUNTIF(AB8,3)+COUNTIF(AH8,3)+COUNTIF(AN8,3)+COUNTIF(AT8,3)+COUNTIF(AZ8,3)+COUNTIF(BF8,3)+COUNTIF(BL8,3)+COUNTIF(BR8,3)+COUNTIF(BX8,3)+COUNTIF(CD8,3)+COUNTIF(CJ8,3)+COUNTIF(CP8,3)+COUNTIF(CV8,3)+COUNTIF(DB8,3)+COUNTIF(DH8,3)+COUNTIF(DN8,3)+COUNTIF(DT8,3)+COUNTIF(DZ8,3)+COUNTIF(EF8,3)+COUNTIF(EL8,3)+COUNTIF(ER8,3)+COUNTIF(EX8,3)+COUNTIF(FD8,3)+COUNTIF(FJ8,3)+COUNTIF(FP8,3)+COUNTIF(FV8,3)+COUNTIF(GB8,3)+COUNTIF(GH8,3)+COUNTIF(GN8,3)+COUNTIF(GT8,3) | J8: =COUNTIF(P8,2)+COUNTIF(V8,2)+COUNTIF(AB8,2)+COUNTIF(AH8,2)+COUNTIF(AN8,2)+COUNTIF(AT8,2)+COUNTIF(AZ8,2)+COUNTIF(BF8,2)+COUNTIF(BL8,2)+COUNTIF(BR8,2)+COUNTIF(BX8,2)+COUNTIF(CD8,2)+COUNTIF(CJ8,2)+COUNTIF(CP8,2)+COUNTIF(CV8,2)+COUNTIF(DB8,2)+COUNTIF(DH8,2)+COUNTIF(DN8,2)+COUNTIF(DT8,2)+COUNTIF(DZ8,2)+COUNTIF(EF8,2)+COUNTIF(EL8,2)+COUNTIF(ER8,2)+COUNTIF(EX8,2)+COUNTIF(FD8,2)+COUNTIF(FJ8,2)+COUNTIF(FP8,2)+COUNTIF(FV8,2)+COUNTIF(GB8,2)+COUNTIF(GH8,2)+COUNTIF(GN8,2)+COUNTIF(GT8,2) | K8: =COUNTIF(P8,1)+COUNTIF(V8,1)+COUNTIF(AB8,1)+COUNTIF(AH8,1)+COUNTIF(AN8,1)+COUNTIF(AT8,1)+COUNTIF(AZ8,1)+COUNTIF(BF8,1)+COUNTIF(BL8,1)+COUNTIF(BR8,1)+COUNTIF(BX8,1)+COUNTIF(CD8,1)+COUNTIF(CJ8,1)+COUNTIF(CP8,1)+COUNTIF(CV8,1)+COUNTIF(DB8,1)+COUNTIF(DH8,1)+COUNTIF(DN8,1)+COUNTIF(DT8,1)+COUNTIF(DZ8,1)+COUNTIF(EF8,1)+COUNTIF(EL8,1)+COUNTIF(ER8,1)+COUNTIF(EX8,1)+COUNTIF(FD8,1)+COUNTIF(FJ8,1)+COUNTIF(FP8,1)+COUNTIF(FV8,1)+COUNTIF(GB8,1)+COUNTIF(GH8,1)+COUNTIF(GN8,1)+COUNTIF(GT8,1) | N8: : | P8: =IF(ISBLANK($E8),"",(IF(ISBLANK(M8),0,IF((($E8=M8)*($G8=O8))*NOT(ISBLANK($E8)),1,0)+((($E8>$G8)*(M8>O8))+(($E8<$G8)*(M8<O8))+(($E8=$G8)*(M8=O8)))-ISBLANK($E8)*(M8=O8)+(($E8-$G8)=(M8-O8))))) | T8: : | V8: =IF(ISBLANK($E8),"",(IF(ISBLANK(S8),0,IF((($E8=S8)*($G8=U8))*NOT(ISBLANK($E8)),1,0)+((($E8>$G8)*(S8>U8))+(($E8<$G8)*(S8<U8))+(($E8=$G8)*(S8=U8)))-ISBLANK($E8)*(S8=U8)+(($E8-$G8)=(S8-U8))))) | Z8: : | AB8: =IF(ISBLANK($E8),"",(IF(ISBLANK(Y8),0,IF((($E8=Y8)*($G8=AA8))*NOT(ISBLANK($E8)),1,0)+((($E8>$G8)*(Y8>AA8))+(($E8<$G8)*(Y8<AA8))+(($E8=$G8)*(Y8=AA8)))-ISBLANK($E8)*(Y8=AA8)+(($E8-$G8)=(Y8-AA8))))) | AF8: : | AH8: =IF(ISBLANK($E8),"",(IF(ISBLANK(AE8),0,IF((($E8=AE8)*($G8=AG8))*NOT(ISBLANK($E8)),1,0)+((($E8>$G8)*(AE8>AG8))+(($E8<$G8)*(AE8<AG8))+(($E8=$G8)*(AE8=AG8)))-ISBLANK($E8)*(AE8=AG8)+(($E8-$G8)=(AE8-AG8))))) | AL8: : | AN8: =IF(ISBLANK($E8),"",(IF(ISBLANK(AK8),0,IF((($E8=AK8)*($G8=AM8))*NOT(ISBLANK($E8)),1,0)+((($E8>$G8)*(AK8>AM8))+(($E8<$G8)*(AK8<AM8))+(($E8=$G8)*(AK8=AM8)))-ISBLANK($E8)*(AK8=AM8)+(($E8-$G8)=(AK8-AM8))))) | AR8: : | AT8: =IF(ISBLANK($E8),"",(IF(ISBLANK(AQ8),0,IF((($E8=AQ8)*($G8=AS8))*NOT(ISBLANK($E8)),1,0)+((($E8>$G8)*(AQ8>AS8))+(($E8<$G8)*(AQ8<AS8))+(($E8=$G8)*(AQ8=AS8)))-ISBLANK($E8)*(AQ8=AS8)+(($E8-$G8)=(AQ8-AS8))))) | AX8: : | AZ8: =IF(ISBLANK($E8),"",(IF(ISBLANK(AW8),0,IF((($E8=AW8)*($G8=AY8))*NOT(ISBLANK($E8)),1,0)+((($E8>$G8)*(AW8>AY8))+(($E8<$G8)*(AW8<AY8))+(($E8=$G8)*(AW8=AY8)))-ISBLANK($E8)*(AW8=AY8)+(($E8-$G8)=(AW8-AY8))))) | BD8: : | BF8: =IF(ISBLANK($E8),"",(IF(ISBLANK(BC8),0,IF((($E8=BC8)*($G8=BE8))*NOT(ISBLANK($E8)),1,0)+((($E8>$G8)*(BC8>BE8))+(($E8<$G8)*(BC8<BE8))+(($E8=$G8)*(BC8=BE8)))-ISBLANK($E8)*(BC8=BE8)+(($E8-$G8)=(BC8-BE8))))) | BJ8: : | BL8: =IF(ISBLANK($E8),"",(IF(ISBLANK(BI8),0,IF((($E8=BI8)*($G8=BK8))*NOT(ISBLANK($E8)),1,0)+((($E8>$G8)*(BI8>BK8))+(($E8<$G8)*(BI8<BK8))+(($E8=$G8)*(BI8=BK8)))-ISBLANK($E8)*(BI8=BK8)+(($E8-$G8)=(BI8-BK8))))) | BP8: : | BR8: =IF(ISBLANK($E8),"",(IF(ISBLANK(BO8),0,IF((($E8=BO8)*($G8=BQ8))*NOT(ISBLANK($E8)),1,0)+((($E8>$G8)*(BO8>BQ8))+(($E8<$G8)*(BO8<BQ8))+(($E8=$G8)*(BO8=BQ8)))-ISBLANK($E8)*(BO8=BQ8)+(($E8-$G8)=(BO8-BQ8))))) | BV8: : | BX8: =IF(ISBLANK($E8),"",(IF(ISBLANK(BU8),0,IF((($E8=BU8)*($G8=BW8))*NOT(ISBLANK($E8)),1,0)+((($E8>$G8)*(BU8>BW8))+(($E8<$G8)*(BU8<BW8))+(($E8=$G8)*(BU8=BW8)))-ISBLANK($E8)*(BU8=BW8)+(($E8-$G8)=(BU8-BW8))))) | CB8: : | CD8: =IF(ISBLANK($E8),"",(IF(ISBLANK(CA8),0,IF((($E8=CA8)*($G8=CC8))*NOT(ISBLANK($E8)),1,0)+((($E8>$G8)*(CA8>CC8))+(($E8<$G8)*(CA8<CC8))+(($E8=$G8)*(CA8=CC8)))-ISBLANK($E8)*(CA8=CC8)+(($E8-$G8)=(CA8-CC8))))) | CH8: : | CJ8: =IF(ISBLANK($E8),"",(IF(ISBLANK(CG8),0,IF((($E8=CG8)*($G8=CI8))*NOT(ISBLANK($E8)),1,0)+((($E8>$G8)*(CG8>CI8))+(($E8<$G8)*(CG8<CI8))+(($E8=$G8)*(CG8=CI8)))-ISBLANK($E8)*(CG8=CI8)+(($E8-$G8)=(CG8-CI8))))) | CN8: : | CP8: =IF(ISBLANK($E8),"",(IF(ISBLANK(CM8),0,IF((($E8=CM8)*($G8=CO8))*NOT(ISBLANK($E8)),1,0)+((($E8>$G8)*(CM8>CO8))+(($E8<$G8)*(CM8<CO8))+(($E8=$G8)*(CM8=CO8)))-ISBLANK($E8)*(CM8=CO8)+(($E8-$G8)=(CM8-CO8))))) | CT8: : | CV8: =IF(ISBLANK($E8),"",(IF(ISBLANK(CS8),0,IF((($E8=CS8)*($G8=CU8))*NOT(ISBLANK($E8)),1,0)+((($E8>$G8)*(CS8>CU8))+(($E8<$G8)*(CS8<CU8))+(($E8=$G8)*(CS8=CU8)))-ISBLANK($E8)*(CS8=CU8)+(($E8-$G8)=(CS8-CU8))))) | CZ8: : | DB8: =IF(ISBLANK($E8),"",(IF(ISBLANK(CY8),0,IF((($E8=CY8)*($G8=DA8))*NOT(ISBLANK($E8)),1,0)+((($E8>$G8)*(CY8>DA8))+(($E8<$G8)*(CY8<DA8))+(($E8=$G8)*(CY8=DA8)))-ISBLANK($E8)*(CY8=DA8)+(($E8-$G8)=(CY8-DA8))))) | DF8: : | DH8: =IF(ISBLANK($E8),"",(IF(ISBLANK(DE8),0,IF((($E8=DE8)*($G8=DG8))*NOT(ISBLANK($E8)),1,0)+((($E8>$G8)*(DE8>DG8))+(($E8<$G8)*(DE8<DG8))+(($E8=$G8)*(DE8=DG8)))-ISBLANK($E8)*(DE8=DG8)+(($E8-$G8)=(DE8-DG8))))) | DL8: : | DN8: =IF(ISBLANK($E8),"",(IF(ISBLANK(DK8),0,IF((($E8=DK8)*($G8=DM8))*NOT(ISBLANK($E8)),1,0)+((($E8>$G8)*(DK8>DM8))+(($E8<$G8)*(DK8<DM8))+(($E8=$G8)*(DK8=DM8)))-ISBLANK($E8)*(DK8=DM8)+(($E8-$G8)=(DK8-DM8))))) | DR8: : | DT8: =IF(ISBLANK($E8),"",(IF(ISBLANK(DQ8),0,IF((($E8=DQ8)*($G8=DS8))*NOT(ISBLANK($E8)),1,0)+((($E8>$G8)*(DQ8>DS8))+(($E8<$G8)*(DQ8<DS8))+(($E8=$G8)*(DQ8=DS8)))-ISBLANK($E8)*(DQ8=DS8)+(($E8-$G8)=(DQ8-DS8))))) | DX8: : | DZ8: =IF(ISBLANK($E8),"",(IF(ISBLANK(DW8),0,IF((($E8=DW8)*($G8=DY8))*NOT(ISBLANK($E8)),1,0)+((($E8>$G8)*(DW8>DY8))+(($E8<$G8)*(DW8<DY8))+(($E8=$G8)*(DW8=DY8)))-ISBLANK($E8)*(DW8=DY8)+(($E8-$G8)=(DW8-DY8))))) | ED8: : | EF8: =IF(ISBLANK($E8),"",(IF(ISBLANK(EC8),0,IF((($E8=EC8)*($G8=EE8))*NOT(ISBLANK($E8)),1,0)+((($E8>$G8)*(EC8>EE8))+(($E8<$G8)*(EC8<EE8))+(($E8=$G8)*(EC8=EE8)))-ISBLANK($E8)*(EC8=EE8)+(($E8-$G8)=(EC8-EE8))))) | EJ8: : | EL8: =IF(ISBLANK($E8),"",(IF(ISBLANK(EI8),0,IF((($E8=EI8)*($G8=EK8))*NOT(ISBLANK($E8)),1,0)+((($E8>$G8)*(EI8>EK8))+(($E8<$G8)*(EI8<EK8))+(($E8=$G8)*(EI8=EK8)))-ISBLANK($E8)*(EI8=EK8)+(($E8-$G8)=(EI8-EK8))))) | EP8: : | ER8: =IF(ISBLANK($E8),"",(IF(ISBLANK(EO8),0,IF((($E8=EO8)*($G8=EQ8))*NOT(ISBLANK($E8)),1,0)+((($E8>$G8)*(EO8>EQ8))+(($E8<$G8)*(EO8<EQ8))+(($E8=$G8)*(EO8=EQ8)))-ISBLANK($E8)*(EO8=EQ8)+(($E8-$G8)=(EO8-EQ8))))) | EV8: : | EX8: =IF(ISBLANK($E8),"",(IF(ISBLANK(EU8),0,IF((($E8=EU8)*($G8=EW8))*NOT(ISBLANK($E8)),1,0)+((($E8>$G8)*(EU8>EW8))+(($E8<$G8)*(EU8<EW8))+(($E8=$G8)*(EU8=EW8)))-ISBLANK($E8)*(EU8=EW8)+(($E8-$G8)=(EU8-EW8))))) | FB8: : | FD8: =IF(ISBLANK($E8),"",(IF(ISBLANK(FA8),0,IF((($E8=FA8)*($G8=FC8))*NOT(ISBLANK($E8)),1,0)+((($E8>$G8)*(FA8>FC8))+(($E8<$G8)*(FA8<FC8))+(($E8=$G8)*(FA8=FC8)))-ISBLANK($E8)*(FA8=FC8)+(($E8-$G8)=(FA8-FC8))))) | FH8: : | FJ8: =IF(ISBLANK($E8),"",(IF(ISBLANK(FG8),0,IF((($E8=FG8)*($G8=FI8))*NOT(ISBLANK($E8)),1,0)+((($E8>$G8)*(FG8>FI8))+(($E8<$G8)*(FG8<FI8))+(($E8=$G8)*(FG8=FI8)))-ISBLANK($E8)*(FG8=FI8)+(($E8-$G8)=(FG8-FI8))))) | FN8: : | FP8: =IF(ISBLANK($E8),"",(IF(ISBLANK(FM8),0,IF((($E8=FM8)*($G8=FO8))*NOT(ISBLANK($E8)),1,0)+((($E8>$G8)*(FM8>FO8))+(($E8<$G8)*(FM8<FO8))+(($E8=$G8)*(FM8=FO8)))-ISBLANK($E8)*(FM8=FO8)+(($E8-$G8)=(FM8-FO8))))) | FT8: : | FV8: =IF(ISBLANK($E8),"",(IF(ISBLANK(FS8),0,IF((($E8=FS8)*($G8=FU8))*NOT(ISBLANK($E8)),1,0)+((($E8>$G8)*(FS8>FU8))+(($E8<$G8)*(FS8<FU8))+(($E8=$G8)*(FS8=FU8)))-ISBLANK($E8)*(FS8=FU8)+(($E8-$G8)=(FS8-FU8))))) | FZ8: : | GB8: =IF(ISBLANK($E8),"",(IF(ISBLANK(FY8),0,IF((($E8=FY8)*($G8=GA8))*NOT(ISBLANK($E8)),1,0)+((($E8>$G8)*(FY8>GA8))+(($E8<$G8)*(FY8<GA8))+(($E8=$G8)*(FY8=GA8)))-ISBLANK($E8)*(FY8=GA8)+(($E8-$G8)=(FY8-GA8))))) | GF8: : | GH8: =IF(ISBLANK($E8),"",(IF(ISBLANK(GE8),0,IF((($E8=GE8)*($G8=GG8))*NOT(ISBLANK($E8)),1,0)+((($E8>$G8)*(GE8>GG8))+(($E8<$G8)*(GE8<GG8))+(($E8=$G8)*(GE8=GG8)))-ISBLANK($E8)*(GE8=GG8)+(($E8-$G8)=(GE8-GG8))))) | GL8: : | GN8: =IF(ISBLANK($E8),"",(IF(ISBLANK(GK8),0,IF((($E8=GK8)*($G8=GM8))*NOT(ISBLANK($E8)),1,0)+((($E8>$G8)*(GK8>GM8))+(($E8<$G8)*(GK8<GM8))+(($E8=$G8)*(GK8=GM8)))-ISBLANK($E8)*(GK8=GM8)+(($E8-$G8)=(GK8-GM8))))) | GR8: : | GT8: =IF(ISBLANK($E8),"",(IF(ISBLANK(GQ8),0,IF((($E8=GQ8)*($G8=GS8))*NOT(ISBLANK($E8)),1,0)+((($E8>$G8)*(GQ8>GS8))+(($E8<$G8)*(GQ8<GS8))+(($E8=$G8)*(GQ8=GS8)))-ISBLANK($E8)*(GQ8=GS8)+(($E8-$G8)=(GQ8-GS8)))))
C9: : | F9: : | I9: =COUNTIF(P9,3)+COUNTIF(V9,3)+COUNTIF(AB9,3)+COUNTIF(AH9,3)+COUNTIF(AN9,3)+COUNTIF(AT9,3)+COUNTIF(AZ9,3)+COUNTIF(BF9,3)+COUNTIF(BL9,3)+COUNTIF(BR9,3)+COUNTIF(BX9,3)+COUNTIF(CD9,3)+COUNTIF(CJ9,3)+COUNTIF(CP9,3)+COUNTIF(CV9,3)+COUNTIF(DB9,3)+COUNTIF(DH9,3)+COUNTIF(DN9,3)+COUNTIF(DT9,3)+COUNTIF(DZ9,3)+COUNTIF(EF9,3)+COUNTIF(EL9,3)+COUNTIF(ER9,3)+COUNTIF(EX9,3)+COUNTIF(FD9,3)+COUNTIF(FJ9,3)+COUNTIF(FP9,3)+COUNTIF(FV9,3)+COUNTIF(GB9,3)+COUNTIF(GH9,3)+COUNTIF(GN9,3)+COUNTIF(GT9,3) | J9: =COUNTIF(P9,2)+COUNTIF(V9,2)+COUNTIF(AB9,2)+COUNTIF(AH9,2)+COUNTIF(AN9,2)+COUNTIF(AT9,2)+COUNTIF(AZ9,2)+COUNTIF(BF9,2)+COUNTIF(BL9,2)+COUNTIF(BR9,2)+COUNTIF(BX9,2)+COUNTIF(CD9,2)+COUNTIF(CJ9,2)+COUNTIF(CP9,2)+COUNTIF(CV9,2)+COUNTIF(DB9,2)+COUNTIF(DH9,2)+COUNTIF(DN9,2)+COUNTIF(DT9,2)+COUNTIF(DZ9,2)+COUNTIF(EF9,2)+COUNTIF(EL9,2)+COUNTIF(ER9,2)+COUNTIF(EX9,2)+COUNTIF(FD9,2)+COUNTIF(FJ9,2)+COUNTIF(FP9,2)+COUNTIF(FV9,2)+COUNTIF(GB9,2)+COUNTIF(GH9,2)+COUNTIF(GN9,2)+COUNTIF(GT9,2) | K9: =COUNTIF(P9,1)+COUNTIF(V9,1)+COUNTIF(AB9,1)+COUNTIF(AH9,1)+COUNTIF(AN9,1)+COUNTIF(AT9,1)+COUNTIF(AZ9,1)+COUNTIF(BF9,1)+COUNTIF(BL9,1)+COUNTIF(BR9,1)+COUNTIF(BX9,1)+COUNTIF(CD9,1)+COUNTIF(CJ9,1)+COUNTIF(CP9,1)+COUNTIF(CV9,1)+COUNTIF(DB9,1)+COUNTIF(DH9,1)+COUNTIF(DN9,1)+COUNTIF(DT9,1)+COUNTIF(DZ9,1)+COUNTIF(EF9,1)+COUNTIF(EL9,1)+COUNTIF(ER9,1)+COUNTIF(EX9,1)+COUNTIF(FD9,1)+COUNTIF(FJ9,1)+COUNTIF(FP9,1)+COUNTIF(FV9,1)+COUNTIF(GB9,1)+COUNTIF(GH9,1)+COUNTIF(GN9,1)+COUNTIF(GT9,1) | N9: : | P9: =IF(ISBLANK($E9),"",(IF(ISBLANK(M9),0,IF((($E9=M9)*($G9=O9))*NOT(ISBLANK($E9)),1,0)+((($E9>$G9)*(M9>O9))+(($E9<$G9)*(M9<O9))+(($E9=$G9)*(M9=O9)))-ISBLANK($E9)*(M9=O9)+(($E9-$G9)=(M9-O9))))) | T9: : | V9: =IF(ISBLANK($E9),"",(IF(ISBLANK(S9),0,IF((($E9=S9)*($G9=U9))*NOT(ISBLANK($E9)),1,0)+((($E9>$G9)*(S9>U9))+(($E9<$G9)*(S9<U9))+(($E9=$G9)*(S9=U9)))-ISBLANK($E9)*(S9=U9)+(($E9-$G9)=(S9-U9))))) | Z9: : | AB9: =IF(ISBLANK($E9),"",(IF(ISBLANK(Y9),0,IF((($E9=Y9)*($G9=AA9))*NOT(ISBLANK($E9)),1,0)+((($E9>$G9)*(Y9>AA9))+(($E9<$G9)*(Y9<AA9))+(($E9=$G9)*(Y9=AA9)))-ISBLANK($E9)*(Y9=AA9)+(($E9-$G9)=(Y9-AA9))))) | AF9: : | AH9: =IF(ISBLANK($E9),"",(IF(ISBLANK(AE9),0,IF((($E9=AE9)*($G9=AG9))*NOT(ISBLANK($E9)),1,0)+((($E9>$G9)*(AE9>AG9))+(($E9<$G9)*(AE9<AG9))+(($E9=$G9)*(AE9=AG9)))-ISBLANK($E9)*(AE9=AG9)+(($E9-$G9)=(AE9-AG9))))) | AL9: : | AN9: =IF(ISBLANK($E9),"",(IF(ISBLANK(AK9),0,IF((($E9=AK9)*($G9=AM9))*NOT(ISBLANK($E9)),1,0)+((($E9>$G9)*(AK9>AM9))+(($E9<$G9)*(AK9<AM9))+(($E9=$G9)*(AK9=AM9)))-ISBLANK($E9)*(AK9=AM9)+(($E9-$G9)=(AK9-AM9))))) | AR9: : | AT9: =IF(ISBLANK($E9),"",(IF(ISBLANK(AQ9),0,IF((($E9=AQ9)*($G9=AS9))*NOT(ISBLANK($E9)),1,0)+((($E9>$G9)*(AQ9>AS9))+(($E9<$G9)*(AQ9<AS9))+(($E9=$G9)*(AQ9=AS9)))-ISBLANK($E9)*(AQ9=AS9)+(($E9-$G9)=(AQ9-AS9))))) | AX9: : | AZ9: =IF(ISBLANK($E9),"",(IF(ISBLANK(AW9),0,IF((($E9=AW9)*($G9=AY9))*NOT(ISBLANK($E9)),1,0)+((($E9>$G9)*(AW9>AY9))+(($E9<$G9)*(AW9<AY9))+(($E9=$G9)*(AW9=AY9)))-ISBLANK($E9)*(AW9=AY9)+(($E9-$G9)=(AW9-AY9))))) | BD9: : | BF9: =IF(ISBLANK($E9),"",(IF(ISBLANK(BC9),0,IF((($E9=BC9)*($G9=BE9))*NOT(ISBLANK($E9)),1,0)+((($E9>$G9)*(BC9>BE9))+(($E9<$G9)*(BC9<BE9))+(($E9=$G9)*(BC9=BE9)))-ISBLANK($E9)*(BC9=BE9)+(($E9-$G9)=(BC9-BE9))))) | BJ9: : | BL9: =IF(ISBLANK($E9),"",(IF(ISBLANK(BI9),0,IF((($E9=BI9)*($G9=BK9))*NOT(ISBLANK($E9)),1,0)+((($E9>$G9)*(BI9>BK9))+(($E9<$G9)*(BI9<BK9))+(($E9=$G9)*(BI9=BK9)))-ISBLANK($E9)*(BI9=BK9)+(($E9-$G9)=(BI9-BK9))))) | BP9: : | BR9: =IF(ISBLANK($E9),"",(IF(ISBLANK(BO9),0,IF((($E9=BO9)*($G9=BQ9))*NOT(ISBLANK($E9)),1,0)+((($E9>$G9)*(BO9>BQ9))+(($E9<$G9)*(BO9<BQ9))+(($E9=$G9)*(BO9=BQ9)))-ISBLANK($E9)*(BO9=BQ9)+(($E9-$G9)=(BO9-BQ9))))) | BV9: : | BX9: =IF(ISBLANK($E9),"",(IF(ISBLANK(BU9),0,IF((($E9=BU9)*($G9=BW9))*NOT(ISBLANK($E9)),1,0)+((($E9>$G9)*(BU9>BW9))+(($E9<$G9)*(BU9<BW9))+(($E9=$G9)*(BU9=BW9)))-ISBLANK($E9)*(BU9=BW9)+(($E9-$G9)=(BU9-BW9))))) | CB9: : | CD9: =IF(ISBLANK($E9),"",(IF(ISBLANK(CA9),0,IF((($E9=CA9)*($G9=CC9))*NOT(ISBLANK($E9)),1,0)+((($E9>$G9)*(CA9>CC9))+(($E9<$G9)*(CA9<CC9))+(($E9=$G9)*(CA9=CC9)))-ISBLANK($E9)*(CA9=CC9)+(($E9-$G9)=(CA9-CC9))))) | CH9: : | CJ9: =IF(ISBLANK($E9),"",(IF(ISBLANK(CG9),0,IF((($E9=CG9)*($G9=CI9))*NOT(ISBLANK($E9)),1,0)+((($E9>$G9)*(CG9>CI9))+(($E9<$G9)*(CG9<CI9))+(($E9=$G9)*(CG9=CI9)))-ISBLANK($E9)*(CG9=CI9)+(($E9-$G9)=(CG9-CI9))))) | CN9: : | CP9: =IF(ISBLANK($E9),"",(IF(ISBLANK(CM9),0,IF((($E9=CM9)*($G9=CO9))*NOT(ISBLANK($E9)),1,0)+((($E9>$G9)*(CM9>CO9))+(($E9<$G9)*(CM9<CO9))+(($E9=$G9)*(CM9=CO9)))-ISBLANK($E9)*(CM9=CO9)+(($E9-$G9)=(CM9-CO9))))) | CT9: : | CV9: =IF(ISBLANK($E9),"",(IF(ISBLANK(CS9),0,IF((($E9=CS9)*($G9=CU9))*NOT(ISBLANK($E9)),1,0)+((($E9>$G9)*(CS9>CU9))+(($E9<$G9)*(CS9<CU9))+(($E9=$G9)*(CS9=CU9)))-ISBLANK($E9)*(CS9=CU9)+(($E9-$G9)=(CS9-CU9))))) | CZ9: : | DB9: =IF(ISBLANK($E9),"",(IF(ISBLANK(CY9),0,IF((($E9=CY9)*($G9=DA9))*NOT(ISBLANK($E9)),1,0)+((($E9>$G9)*(CY9>DA9))+(($E9<$G9)*(CY9<DA9))+(($E9=$G9)*(CY9=DA9)))-ISBLANK($E9)*(CY9=DA9)+(($E9-$G9)=(CY9-DA9))))) | DF9: : | DH9: =IF(ISBLANK($E9),"",(IF(ISBLANK(DE9),0,IF((($E9=DE9)*($G9=DG9))*NOT(ISBLANK($E9)),1,0)+((($E9>$G9)*(DE9>DG9))+(($E9<$G9)*(DE9<DG9))+(($E9=$G9)*(DE9=DG9)))-ISBLANK($E9)*(DE9=DG9)+(($E9-$G9)=(DE9-DG9))))) | DL9: : | DN9: =IF(ISBLANK($E9),"",(IF(ISBLANK(DK9),0,IF((($E9=DK9)*($G9=DM9))*NOT(ISBLANK($E9)),1,0)+((($E9>$G9)*(DK9>DM9))+(($E9<$G9)*(DK9<DM9))+(($E9=$G9)*(DK9=DM9)))-ISBLANK($E9)*(DK9=DM9)+(($E9-$G9)=(DK9-DM9))))) | DR9: : | DT9: =IF(ISBLANK($E9),"",(IF(ISBLANK(DQ9),0,IF((($E9=DQ9)*($G9=DS9))*NOT(ISBLANK($E9)),1,0)+((($E9>$G9)*(DQ9>DS9))+(($E9<$G9)*(DQ9<DS9))+(($E9=$G9)*(DQ9=DS9)))-ISBLANK($E9)*(DQ9=DS9)+(($E9-$G9)=(DQ9-DS9))))) | DX9: : | DZ9: =IF(ISBLANK($E9),"",(IF(ISBLANK(DW9),0,IF((($E9=DW9)*($G9=DY9))*NOT(ISBLANK($E9)),1,0)+((($E9>$G9)*(DW9>DY9))+(($E9<$G9)*(DW9<DY9))+(($E9=$G9)*(DW9=DY9)))-ISBLANK($E9)*(DW9=DY9)+(($E9-$G9)=(DW9-DY9))))) | ED9: : | EF9: =IF(ISBLANK($E9),"",(IF(ISBLANK(EC9),0,IF((($E9=EC9)*($G9=EE9))*NOT(ISBLANK($E9)),1,0)+((($E9>$G9)*(EC9>EE9))+(($E9<$G9)*(EC9<EE9))+(($E9=$G9)*(EC9=EE9)))-ISBLANK($E9)*(EC9=EE9)+(($E9-$G9)=(EC9-EE9))))) | EJ9: : | EL9: =IF(ISBLANK($E9),"",(IF(ISBLANK(EI9),0,IF((($E9=EI9)*($G9=EK9))*NOT(ISBLANK($E9)),1,0)+((($E9>$G9)*(EI9>EK9))+(($E9<$G9)*(EI9<EK9))+(($E9=$G9)*(EI9=EK9)))-ISBLANK($E9)*(EI9=EK9)+(($E9-$G9)=(EI9-EK9))))) | EP9: : | ER9: =IF(ISBLANK($E9),"",(IF(ISBLANK(EO9),0,IF((($E9=EO9)*($G9=EQ9))*NOT(ISBLANK($E9)),1,0)+((($E9>$G9)*(EO9>EQ9))+(($E9<$G9)*(EO9<EQ9))+(($E9=$G9)*(EO9=EQ9)))-ISBLANK($E9)*(EO9=EQ9)+(($E9-$G9)=(EO9-EQ9))))) | EV9: : | EX9: =IF(ISBLANK($E9),"",(IF(ISBLANK(EU9),0,IF((($E9=EU9)*($G9=EW9))*NOT(ISBLANK($E9)),1,0)+((($E9>$G9)*(EU9>EW9))+(($E9<$G9)*(EU9<EW9))+(($E9=$G9)*(EU9=EW9)))-ISBLANK($E9)*(EU9=EW9)+(($E9-$G9)=(EU9-EW9))))) | FB9: : | FD9: =IF(ISBLANK($E9),"",(IF(ISBLANK(FA9),0,IF((($E9=FA9)*($G9=FC9))*NOT(ISBLANK($E9)),1,0)+((($E9>$G9)*(FA9>FC9))+(($E9<$G9)*(FA9<FC9))+(($E9=$G9)*(FA9=FC9)))-ISBLANK($E9)*(FA9=FC9)+(($E9-$G9)=(FA9-FC9))))) | FH9: : | FJ9: =IF(ISBLANK($E9),"",(IF(ISBLANK(FG9),0,IF((($E9=FG9)*($G9=FI9))*NOT(ISBLANK($E9)),1,0)+((($E9>$G9)*(FG9>FI9))+(($E9<$G9)*(FG9<FI9))+(($E9=$G9)*(FG9=FI9)))-ISBLANK($E9)*(FG9=FI9)+(($E9-$G9)=(FG9-FI9))))) | FN9: : | FP9: =IF(ISBLANK($E9),"",(IF(ISBLANK(FM9),0,IF((($E9=FM9)*($G9=FO9))*NOT(ISBLANK($E9)),1,0)+((($E9>$G9)*(FM9>FO9))+(($E9<$G9)*(FM9<FO9))+(($E9=$G9)*(FM9=FO9)))-ISBLANK($E9)*(FM9=FO9)+(($E9-$G9)=(FM9-FO9))))) | FT9: : | FV9: =IF(ISBLANK($E9),"",(IF(ISBLANK(FS9),0,IF((($E9=FS9)*($G9=FU9))*NOT(ISBLANK($E9)),1,0)+((($E9>$G9)*(FS9>FU9))+(($E9<$G9)*(FS9<FU9))+(($E9=$G9)*(FS9=FU9)))-ISBLANK($E9)*(FS9=FU9)+(($E9-$G9)=(FS9-FU9))))) | FZ9: : | GB9: =IF(ISBLANK($E9),"",(IF(ISBLANK(FY9),0,IF((($E9=FY9)*($G9=GA9))*NOT(ISBLANK($E9)),1,0)+((($E9>$G9)*(FY9>GA9))+(($E9<$G9)*(FY9<GA9))+(($E9=$G9)*(FY9=GA9)))-ISBLANK($E9)*(FY9=GA9)+(($E9-$G9)=(FY9-GA9))))) | GF9: : | GH9: =IF(ISBLANK($E9),"",(IF(ISBLANK(GE9),0,IF((($E9=GE9)*($G9=GG9))*NOT(ISBLANK($E9)),1,0)+((($E9>$G9)*(GE9>GG9))+(($E9<$G9)*(GE9<GG9))+(($E9=$G9)*(GE9=GG9)))-ISBLANK($E9)*(GE9=GG9)+(($E9-$G9)=(GE9-GG9))))) | GL9: : | GN9: =IF(ISBLANK($E9),"",(IF(ISBLANK(GK9),0,IF((($E9=GK9)*($G9=GM9))*NOT(ISBLANK($E9)),1,0)+((($E9>$G9)*(GK9>GM9))+(($E9<$G9)*(GK9<GM9))+(($E9=$G9)*(GK9=GM9)))-ISBLANK($E9)*(GK9=GM9)+(($E9-$G9)=(GK9-GM9))))) | GR9: : | GT9: =IF(ISBLANK($E9),"",(IF(ISBLANK(GQ9),0,IF((($E9=GQ9)*($G9=GS9))*NOT(ISBLANK($E9)),1,0)+((($E9>$G9)*(GQ9>GS9))+(($E9<$G9)*(GQ9<GS9))+(($E9=$G9)*(GQ9=GS9)))-ISBLANK($E9)*(GQ9=GS9)+(($E9-$G9)=(GQ9-GS9)))))
C10: : | F10: : | I10: =COUNTIF(P10,3)+COUNTIF(V10,3)+COUNTIF(AB10,3)+COUNTIF(AH10,3)+COUNTIF(AN10,3)+COUNTIF(AT10,3)+COUNTIF(AZ10,3)+COUNTIF(BF10,3)+COUNTIF(BL10,3)+COUNTIF(BR10,3)+COUNTIF(BX10,3)+COUNTIF(CD10,3)+COUNTIF(CJ10,3)+COUNTIF(CP10,3)+COUNTIF(CV10,3)+COUNTIF(DB10,3)+COUNTIF(DH10,3)+COUNTIF(DN10,3)+COUNTIF(DT10,3)+COUNTIF(DZ10,3)+COUNTIF(EF10,3)+COUNTIF(EL10,3)+COUNTIF(ER10,3)+COUNTIF(EX10,3)+COUNTIF(FD10,3)+COUNTIF(FJ10,3)+COUNTIF(FP10,3)+COUNTIF(FV10,3)+COUNTIF(GB10,3)+COUNTIF(GH10,3)+COUNTIF(GN10,3)+COUNTIF(GT10,3) | J10: =COUNTIF(P10,2)+COUNTIF(V10,2)+COUNTIF(AB10,2)+COUNTIF(AH10,2)+COUNTIF(AN10,2)+COUNTIF(AT10,2)+COUNTIF(AZ10,2)+COUNTIF(BF10,2)+COUNTIF(BL10,2)+COUNTIF(BR10,2)+COUNTIF(BX10,2)+COUNTIF(CD10,2)+COUNTIF(CJ10,2)+COUNTIF(CP10,2)+COUNTIF(CV10,2)+COUNTIF(DB10,2)+COUNTIF(DH10,2)+COUNTIF(DN10,2)+COUNTIF(DT10,2)+COUNTIF(DZ10,2)+COUNTIF(EF10,2)+COUNTIF(EL10,2)+COUNTIF(ER10,2)+COUNTIF(EX10,2)+COUNTIF(FD10,2)+COUNTIF(FJ10,2)+COUNTIF(FP10,2)+COUNTIF(FV10,2)+COUNTIF(GB10,2)+COUNTIF(GH10,2)+COUNTIF(GN10,2)+COUNTIF(GT10,2) | K10: =COUNTIF(P10,1)+COUNTIF(V10,1)+COUNTIF(AB10,1)+COUNTIF(AH10,1)+COUNTIF(AN10,1)+COUNTIF(AT10,1)+COUNTIF(AZ10,1)+COUNTIF(BF10,1)+COUNTIF(BL10,1)+COUNTIF(BR10,1)+COUNTIF(BX10,1)+COUNTIF(CD10,1)+COUNTIF(CJ10,1)+COUNTIF(CP10,1)+COUNTIF(CV10,1)+COUNTIF(DB10,1)+COUNTIF(DH10,1)+COUNTIF(DN10,1)+COUNTIF(DT10,1)+COUNTIF(DZ10,1)+COUNTIF(EF10,1)+COUNTIF(EL10,1)+COUNTIF(ER10,1)+COUNTIF(EX10,1)+COUNTIF(FD10,1)+COUNTIF(FJ10,1)+COUNTIF(FP10,1)+COUNTIF(FV10,1)+COUNTIF(GB10,1)+COUNTIF(GH10,1)+COUNTIF(GN10,1)+COUNTIF(GT10,1) | N10: : | P10: =IF(ISBLANK($E10),"",(IF(ISBLANK(M10),0,IF((($E10=M10)*($G10=O10))*NOT(ISBLANK($E10)),1,0)+((($E10>$G10)*(M10>O10))+(($E10<$G10)*(M10<O10))+(($E10=$G10)*(M10=O10)))-ISBLANK($E10)*(M10=O10)+(($E10-$G10)=(M10-O10))))) | T10: : | V10: =IF(ISBLANK($E10),"",(IF(ISBLANK(S10),0,IF((($E10=S10)*($G10=U10))*NOT(ISBLANK($E10)),1,0)+((($E10>$G10)*(S10>U10))+(($E10<$G10)*(S10<U10))+(($E10=$G10)*(S10=U10)))-ISBLANK($E10)*(S10=U10)+(($E10-$G10)=(S10-U10))))) | Z10: : | AB10: =IF(ISBLANK($E10),"",(IF(ISBLANK(Y10),0,IF((($E10=Y10)*($G10=AA10))*NOT(ISBLANK($E10)),1,0)+((($E10>$G10)*(Y10>AA10))+(($E10<$G10)*(Y10<AA10))+(($E10=$G10)*(Y10=AA10)))-ISBLANK($E10)*(Y10=AA10)+(($E10-$G10)=(Y10-AA10))))) | AF10: : | AH10: =IF(ISBLANK($E10),"",(IF(ISBLANK(AE10),0,IF((($E10=AE10)*($G10=AG10))*NOT(ISBLANK($E10)),1,0)+((($E10>$G10)*(AE10>AG10))+(($E10<$G10)*(AE10<AG10))+(($E10=$G10)*(AE10=AG10)))-ISBLANK($E10)*(AE10=AG10)+(($E10-$G10)=(AE10-AG10))))) | AL10: : | AN10: =IF(ISBLANK($E10),"",(IF(ISBLANK(AK10),0,IF((($E10=AK10)*($G10=AM10))*NOT(ISBLANK($E10)),1,0)+((($E10>$G10)*(AK10>AM10))+(($E10<$G10)*(AK10<AM10))+(($E10=$G10)*(AK10=AM10)))-ISBLANK($E10)*(AK10=AM10)+(($E10-$G10)=(AK10-AM10))))) | AR10: : | AT10: =IF(ISBLANK($E10),"",(IF(ISBLANK(AQ10),0,IF((($E10=AQ10)*($G10=AS10))*NOT(ISBLANK($E10)),1,0)+((($E10>$G10)*(AQ10>AS10))+(($E10<$G10)*(AQ10<AS10))+(($E10=$G10)*(AQ10=AS10)))-ISBLANK($E10)*(AQ10=AS10)+(($E10-$G10)=(AQ10-AS10))))) | AX10: : | AZ10: =IF(ISBLANK($E10),"",(IF(ISBLANK(AW10),0,IF((($E10=AW10)*($G10=AY10))*NOT(ISBLANK($E10)),1,0)+((($E10>$G10)*(AW10>AY10))+(($E10<$G10)*(AW10<AY10))+(($E10=$G10)*(AW10=AY10)))-ISBLANK($E10)*(AW10=AY10)+(($E10-$G10)=(AW10-AY10))))) | BD10: : | BF10: =IF(ISBLANK($E10),"",(IF(ISBLANK(BC10),0,IF((($E10=BC10)*($G10=BE10))*NOT(ISBLANK($E10)),1,0)+((($E10>$G10)*(BC10>BE10))+(($E10<$G10)*(BC10<BE10))+(($E10=$G10)*(BC10=BE10)))-ISBLANK($E10)*(BC10=BE10)+(($E10-$G10)=(BC10-BE10))))) | BJ10: : | BL10: =IF(ISBLANK($E10),"",(IF(ISBLANK(BI10),0,IF((($E10=BI10)*($G10=BK10))*NOT(ISBLANK($E10)),1,0)+((($E10>$G10)*(BI10>BK10))+(($E10<$G10)*(BI10<BK10))+(($E10=$G10)*(BI10=BK10)))-ISBLANK($E10)*(BI10=BK10)+(($E10-$G10)=(BI10-BK10))))) | BP10: : | BR10: =IF(ISBLANK($E10),"",(IF(ISBLANK(BO10),0,IF((($E10=BO10)*($G10=BQ10))*NOT(ISBLANK($E10)),1,0)+((($E10>$G10)*(BO10>BQ10))+(($E10<$G10)*(BO10<BQ10))+(($E10=$G10)*(BO10=BQ10)))-ISBLANK($E10)*(BO10=BQ10)+(($E10-$G10)=(BO10-BQ10))))) | BV10: : | BX10: =IF(ISBLANK($E10),"",(IF(ISBLANK(BU10),0,IF((($E10=BU10)*($G10=BW10))*NOT(ISBLANK($E10)),1,0)+((($E10>$G10)*(BU10>BW10))+(($E10<$G10)*(BU10<BW10))+(($E10=$G10)*(BU10=BW10)))-ISBLANK($E10)*(BU10=BW10)+(($E10-$G10)=(BU10-BW10))))) | CB10: : | CD10: =IF(ISBLANK($E10),"",(IF(ISBLANK(CA10),0,IF((($E10=CA10)*($G10=CC10))*NOT(ISBLANK($E10)),1,0)+((($E10>$G10)*(CA10>CC10))+(($E10<$G10)*(CA10<CC10))+(($E10=$G10)*(CA10=CC10)))-ISBLANK($E10)*(CA10=CC10)+(($E10-$G10)=(CA10-CC10))))) | CH10: : | CJ10: =IF(ISBLANK($E10),"",(IF(ISBLANK(CG10),0,IF((($E10=CG10)*($G10=CI10))*NOT(ISBLANK($E10)),1,0)+((($E10>$G10)*(CG10>CI10))+(($E10<$G10)*(CG10<CI10))+(($E10=$G10)*(CG10=CI10)))-ISBLANK($E10)*(CG10=CI10)+(($E10-$G10)=(CG10-CI10))))) | CN10: : | CP10: =IF(ISBLANK($E10),"",(IF(ISBLANK(CM10),0,IF((($E10=CM10)*($G10=CO10))*NOT(ISBLANK($E10)),1,0)+((($E10>$G10)*(CM10>CO10))+(($E10<$G10)*(CM10<CO10))+(($E10=$G10)*(CM10=CO10)))-ISBLANK($E10)*(CM10=CO10)+(($E10-$G10)=(CM10-CO10))))) | CT10: : | CV10: =IF(ISBLANK($E10),"",(IF(ISBLANK(CS10),0,IF((($E10=CS10)*($G10=CU10))*NOT(ISBLANK($E10)),1,0)+((($E10>$G10)*(CS10>CU10))+(($E10<$G10)*(CS10<CU10))+(($E10=$G10)*(CS10=CU10)))-ISBLANK($E10)*(CS10=CU10)+(($E10-$G10)=(CS10-CU10))))) | CZ10: : | DB10: =IF(ISBLANK($E10),"",(IF(ISBLANK(CY10),0,IF((($E10=CY10)*($G10=DA10))*NOT(ISBLANK($E10)),1,0)+((($E10>$G10)*(CY10>DA10))+(($E10<$G10)*(CY10<DA10))+(($E10=$G10)*(CY10=DA10)))-ISBLANK($E10)*(CY10=DA10)+(($E10-$G10)=(CY10-DA10))))) | DF10: : | DH10: =IF(ISBLANK($E10),"",(IF(ISBLANK(DE10),0,IF((($E10=DE10)*($G10=DG10))*NOT(ISBLANK($E10)),1,0)+((($E10>$G10)*(DE10>DG10))+(($E10<$G10)*(DE10<DG10))+(($E10=$G10)*(DE10=DG10)))-ISBLANK($E10)*(DE10=DG10)+(($E10-$G10)=(DE10-DG10))))) | DL10: : | DN10: =IF(ISBLANK($E10),"",(IF(ISBLANK(DK10),0,IF((($E10=DK10)*($G10=DM10))*NOT(ISBLANK($E10)),1,0)+((($E10>$G10)*(DK10>DM10))+(($E10<$G10)*(DK10<DM10))+(($E10=$G10)*(DK10=DM10)))-ISBLANK($E10)*(DK10=DM10)+(($E10-$G10)=(DK10-DM10))))) | DR10: : | DT10: =IF(ISBLANK($E10),"",(IF(ISBLANK(DQ10),0,IF((($E10=DQ10)*($G10=DS10))*NOT(ISBLANK($E10)),1,0)+((($E10>$G10)*(DQ10>DS10))+(($E10<$G10)*(DQ10<DS10))+(($E10=$G10)*(DQ10=DS10)))-ISBLANK($E10)*(DQ10=DS10)+(($E10-$G10)=(DQ10-DS10))))) | DX10: : | DZ10: =IF(ISBLANK($E10),"",(IF(ISBLANK(DW10),0,IF((($E10=DW10)*($G10=DY10))*NOT(ISBLANK($E10)),1,0)+((($E10>$G10)*(DW10>DY10))+(($E10<$G10)*(DW10<DY10))+(($E10=$G10)*(DW10=DY10)))-ISBLANK($E10)*(DW10=DY10)+(($E10-$G10)=(DW10-DY10))))) | ED10: : | EF10: =IF(ISBLANK($E10),"",(IF(ISBLANK(EC10),0,IF((($E10=EC10)*($G10=EE10))*NOT(ISBLANK($E10)),1,0)+((($E10>$G10)*(EC10>EE10))+(($E10<$G10)*(EC10<EE10))+(($E10=$G10)*(EC10=EE10)))-ISBLANK($E10)*(EC10=EE10)+(($E10-$G10)=(EC10-EE10))))) | EJ10: : | EL10: =IF(ISBLANK($E10),"",(IF(ISBLANK(EI10),0,IF((($E10=EI10)*($G10=EK10))*NOT(ISBLANK($E10)),1,0)+((($E10>$G10)*(EI10>EK10))+(($E10<$G10)*(EI10<EK10))+(($E10=$G10)*(EI10=EK10)))-ISBLANK($E10)*(EI10=EK10)+(($E10-$G10)=(EI10-EK10))))) | EP10: : | ER10: =IF(ISBLANK($E10),"",(IF(ISBLANK(EO10),0,IF((($E10=EO10)*($G10=EQ10))*NOT(ISBLANK($E10)),1,0)+((($E10>$G10)*(EO10>EQ10))+(($E10<$G10)*(EO10<EQ10))+(($E10=$G10)*(EO10=EQ10)))-ISBLANK($E10)*(EO10=EQ10)+(($E10-$G10)=(EO10-EQ10))))) | EV10: : | EX10: =IF(ISBLANK($E10),"",(IF(ISBLANK(EU10),0,IF((($E10=EU10)*($G10=EW10))*NOT(ISBLANK($E10)),1,0)+((($E10>$G10)*(EU10>EW10))+(($E10<$G10)*(EU10<EW10))+(($E10=$G10)*(EU10=EW10)))-ISBLANK($E10)*(EU10=EW10)+(($E10-$G10)=(EU10-EW10))))) | FB10: : | FD10: =IF(ISBLANK($E10),"",(IF(ISBLANK(FA10),0,IF((($E10=FA10)*($G10=FC10))*NOT(ISBLANK($E10)),1,0)+((($E10>$G10)*(FA10>FC10))+(($E10<$G10)*(FA10<FC10))+(($E10=$G10)*(FA10=FC10)))-ISBLANK($E10)*(FA10=FC10)+(($E10-$G10)=(FA10-FC10))))) | FH10: : | FJ10: =IF(ISBLANK($E10),"",(IF(ISBLANK(FG10),0,IF((($E10=FG10)*($G10=FI10))*NOT(ISBLANK($E10)),1,0)+((($E10>$G10)*(FG10>FI10))+(($E10<$G10)*(FG10<FI10))+(($E10=$G10)*(FG10=FI10)))-ISBLANK($E10)*(FG10=FI10)+(($E10-$G10)=(FG10-FI10))))) | FN10: : | FP10: =IF(ISBLANK($E10),"",(IF(ISBLANK(FM10),0,IF((($E10=FM10)*($G10=FO10))*NOT(ISBLANK($E10)),1,0)+((($E10>$G10)*(FM10>FO10))+(($E10<$G10)*(FM10<FO10))+(($E10=$G10)*(FM10=FO10)))-ISBLANK($E10)*(FM10=FO10)+(($E10-$G10)=(FM10-FO10))))) | FT10: : | FV10: =IF(ISBLANK($E10),"",(IF(ISBLANK(FS10),0,IF((($E10=FS10)*($G10=FU10))*NOT(ISBLANK($E10)),1,0)+((($E10>$G10)*(FS10>FU10))+(($E10<$G10)*(FS10<FU10))+(($E10=$G10)*(FS10=FU10)))-ISBLANK($E10)*(FS10=FU10)+(($E10-$G10)=(FS10-FU10))))) | FZ10: : | GB10: =IF(ISBLANK($E10),"",(IF(ISBLANK(FY10),0,IF((($E10=FY10)*($G10=GA10))*NOT(ISBLANK($E10)),1,0)+((($E10>$G10)*(FY10>GA10))+(($E10<$G10)*(FY10<GA10))+(($E10=$G10)*(FY10=GA10)))-ISBLANK($E10)*(FY10=GA10)+(($E10-$G10)=(FY10-GA10))))) | GF10: : | GH10: =IF(ISBLANK($E10),"",(IF(ISBLANK(GE10),0,IF((($E10=GE10)*($G10=GG10))*NOT(ISBLANK($E10)),1,0)+((($E10>$G10)*(GE10>GG10))+(($E10<$G10)*(GE10<GG10))+(($E10=$G10)*(GE10=GG10)))-ISBLANK($E10)*(GE10=GG10)+(($E10-$G10)=(GE10-GG10))))) | GL10: : | GN10: =IF(ISBLANK($E10),"",(IF(ISBLANK(GK10),0,IF((($E10=GK10)*($G10=GM10))*NOT(ISBLANK($E10)),1,0)+((($E10>$G10)*(GK10>GM10))+(($E10<$G10)*(GK10<GM10))+(($E10=$G10)*(GK10=GM10)))-ISBLANK($E10)*(GK10=GM10)+(($E10-$G10)=(GK10-GM10))))) | GR10: : | GT10: =IF(ISBLANK($E10),"",(IF(ISBLANK(GQ10),0,IF((($E10=GQ10)*($G10=GS10))*NOT(ISBLANK($E10)),1,0)+((($E10>$G10)*(GQ10>GS10))+(($E10<$G10)*(GQ10<GS10))+(($E10=$G10)*(GQ10=GS10)))-ISBLANK($E10)*(GQ10=GS10)+(($E10-$G10)=(GQ10-GS10)))))
C11: : | F11: : | I11: =COUNTIF(P11,3)+COUNTIF(V11,3)+COUNTIF(AB11,3)+COUNTIF(AH11,3)+COUNTIF(AN11,3)+COUNTIF(AT11,3)+COUNTIF(AZ11,3)+COUNTIF(BF11,3)+COUNTIF(BL11,3)+COUNTIF(BR11,3)+COUNTIF(BX11,3)+COUNTIF(CD11,3)+COUNTIF(CJ11,3)+COUNTIF(CP11,3)+COUNTIF(CV11,3)+COUNTIF(DB11,3)+COUNTIF(DH11,3)+COUNTIF(DN11,3)+COUNTIF(DT11,3)+COUNTIF(DZ11,3)+COUNTIF(EF11,3)+COUNTIF(EL11,3)+COUNTIF(ER11,3)+COUNTIF(EX11,3)+COUNTIF(FD11,3)+COUNTIF(FJ11,3)+COUNTIF(FP11,3)+COUNTIF(FV11,3)+COUNTIF(GB11,3)+COUNTIF(GH11,3)+COUNTIF(GN11,3)+COUNTIF(GT11,3) | J11: =COUNTIF(P11,2)+COUNTIF(V11,2)+COUNTIF(AB11,2)+COUNTIF(AH11,2)+COUNTIF(AN11,2)+COUNTIF(AT11,2)+COUNTIF(AZ11,2)+COUNTIF(BF11,2)+COUNTIF(BL11,2)+COUNTIF(BR11,2)+COUNTIF(BX11,2)+COUNTIF(CD11,2)+COUNTIF(CJ11,2)+COUNTIF(CP11,2)+COUNTIF(CV11,2)+COUNTIF(DB11,2)+COUNTIF(DH11,2)+COUNTIF(DN11,2)+COUNTIF(DT11,2)+COUNTIF(DZ11,2)+COUNTIF(EF11,2)+COUNTIF(EL11,2)+COUNTIF(ER11,2)+COUNTIF(EX11,2)+COUNTIF(FD11,2)+COUNTIF(FJ11,2)+COUNTIF(FP11,2)+COUNTIF(FV11,2)+COUNTIF(GB11,2)+COUNTIF(GH11,2)+COUNTIF(GN11,2)+COUNTIF(GT11,2) | K11: =COUNTIF(P11,1)+COUNTIF(V11,1)+COUNTIF(AB11,1)+COUNTIF(AH11,1)+COUNTIF(AN11,1)+COUNTIF(AT11,1)+COUNTIF(AZ11,1)+COUNTIF(BF11,1)+COUNTIF(BL11,1)+COUNTIF(BR11,1)+COUNTIF(BX11,1)+COUNTIF(CD11,1)+COUNTIF(CJ11,1)+COUNTIF(CP11,1)+COUNTIF(CV11,1)+COUNTIF(DB11,1)+COUNTIF(DH11,1)+COUNTIF(DN11,1)+COUNTIF(DT11,1)+COUNTIF(DZ11,1)+COUNTIF(EF11,1)+COUNTIF(EL11,1)+COUNTIF(ER11,1)+COUNTIF(EX11,1)+COUNTIF(FD11,1)+COUNTIF(FJ11,1)+COUNTIF(FP11,1)+COUNTIF(FV11,1)+COUNTIF(GB11,1)+COUNTIF(GH11,1)+COUNTIF(GN11,1)+COUNTIF(GT11,1) | N11: : | P11: =IF(ISBLANK($E11),"",(IF(ISBLANK(M11),0,IF((($E11=M11)*($G11=O11))*NOT(ISBLANK($E11)),1,0)+((($E11>$G11)*(M11>O11))+(($E11<$G11)*(M11<O11))+(($E11=$G11)*(M11=O11)))-ISBLANK($E11)*(M11=O11)+(($E11-$G11)=(M11-O11))))) | T11: : | V11: =IF(ISBLANK($E11),"",(IF(ISBLANK(S11),0,IF((($E11=S11)*($G11=U11))*NOT(ISBLANK($E11)),1,0)+((($E11>$G11)*(S11>U11))+(($E11<$G11)*(S11<U11))+(($E11=$G11)*(S11=U11)))-ISBLANK($E11)*(S11=U11)+(($E11-$G11)=(S11-U11))))) | Z11: : | AB11: =IF(ISBLANK($E11),"",(IF(ISBLANK(Y11),0,IF((($E11=Y11)*($G11=AA11))*NOT(ISBLANK($E11)),1,0)+((($E11>$G11)*(Y11>AA11))+(($E11<$G11)*(Y11<AA11))+(($E11=$G11)*(Y11=AA11)))-ISBLANK($E11)*(Y11=AA11)+(($E11-$G11)=(Y11-AA11))))) | AF11: : | AH11: =IF(ISBLANK($E11),"",(IF(ISBLANK(AE11),0,IF((($E11=AE11)*($G11=AG11))*NOT(ISBLANK($E11)),1,0)+((($E11>$G11)*(AE11>AG11))+(($E11<$G11)*(AE11<AG11))+(($E11=$G11)*(AE11=AG11)))-ISBLANK($E11)*(AE11=AG11)+(($E11-$G11)=(AE11-AG11))))) | AL11: : | AN11: =IF(ISBLANK($E11),"",(IF(ISBLANK(AK11),0,IF((($E11=AK11)*($G11=AM11))*NOT(ISBLANK($E11)),1,0)+((($E11>$G11)*(AK11>AM11))+(($E11<$G11)*(AK11<AM11))+(($E11=$G11)*(AK11=AM11)))-ISBLANK($E11)*(AK11=AM11)+(($E11-$G11)=(AK11-AM11))))) | AR11: : | AT11: =IF(ISBLANK($E11),"",(IF(ISBLANK(AQ11),0,IF((($E11=AQ11)*($G11=AS11))*NOT(ISBLANK($E11)),1,0)+((($E11>$G11)*(AQ11>AS11))+(($E11<$G11)*(AQ11<AS11))+(($E11=$G11)*(AQ11=AS11)))-ISBLANK($E11)*(AQ11=AS11)+(($E11-$G11)=(AQ11-AS11))))) | AX11: : | AZ11: =IF(ISBLANK($E11),"",(IF(ISBLANK(AW11),0,IF((($E11=AW11)*($G11=AY11))*NOT(ISBLANK($E11)),1,0)+((($E11>$G11)*(AW11>AY11))+(($E11<$G11)*(AW11<AY11))+(($E11=$G11)*(AW11=AY11)))-ISBLANK($E11)*(AW11=AY11)+(($E11-$G11)=(AW11-AY11))))) | BD11: : | BF11: =IF(ISBLANK($E11),"",(IF(ISBLANK(BC11),0,IF((($E11=BC11)*($G11=BE11))*NOT(ISBLANK($E11)),1,0)+((($E11>$G11)*(BC11>BE11))+(($E11<$G11)*(BC11<BE11))+(($E11=$G11)*(BC11=BE11)))-ISBLANK($E11)*(BC11=BE11)+(($E11-$G11)=(BC11-BE11))))) | BJ11: : | BL11: =IF(ISBLANK($E11),"",(IF(ISBLANK(BI11),0,IF((($E11=BI11)*($G11=BK11))*NOT(ISBLANK($E11)),1,0)+((($E11>$G11)*(BI11>BK11))+(($E11<$G11)*(BI11<BK11))+(($E11=$G11)*(BI11=BK11)))-ISBLANK($E11)*(BI11=BK11)+(($E11-$G11)=(BI11-BK11))))) | BP11: : | BR11: =IF(ISBLANK($E11),"",(IF(ISBLANK(BO11),0,IF((($E11=BO11)*($G11=BQ11))*NOT(ISBLANK($E11)),1,0)+((($E11>$G11)*(BO11>BQ11))+(($E11<$G11)*(BO11<BQ11))+(($E11=$G11)*(BO11=BQ11)))-ISBLANK($E11)*(BO11=BQ11)+(($E11-$G11)=(BO11-BQ11))))) | BV11: : | BX11: =IF(ISBLANK($E11),"",(IF(ISBLANK(BU11),0,IF((($E11=BU11)*($G11=BW11))*NOT(ISBLANK($E11)),1,0)+((($E11>$G11)*(BU11>BW11))+(($E11<$G11)*(BU11<BW11))+(($E11=$G11)*(BU11=BW11)))-ISBLANK($E11)*(BU11=BW11)+(($E11-$G11)=(BU11-BW11))))) | CB11: : | CD11: =IF(ISBLANK($E11),"",(IF(ISBLANK(CA11),0,IF((($E11=CA11)*($G11=CC11))*NOT(ISBLANK($E11)),1,0)+((($E11>$G11)*(CA11>CC11))+(($E11<$G11)*(CA11<CC11))+(($E11=$G11)*(CA11=CC11)))-ISBLANK($E11)*(CA11=CC11)+(($E11-$G11)=(CA11-CC11))))) | CH11: : | CJ11: =IF(ISBLANK($E11),"",(IF(ISBLANK(CG11),0,IF((($E11=CG11)*($G11=CI11))*NOT(ISBLANK($E11)),1,0)+((($E11>$G11)*(CG11>CI11))+(($E11<$G11)*(CG11<CI11))+(($E11=$G11)*(CG11=CI11)))-ISBLANK($E11)*(CG11=CI11)+(($E11-$G11)=(CG11-CI11))))) | CN11: : | CP11: =IF(ISBLANK($E11),"",(IF(ISBLANK(CM11),0,IF((($E11=CM11)*($G11=CO11))*NOT(ISBLANK($E11)),1,0)+((($E11>$G11)*(CM11>CO11))+(($E11<$G11)*(CM11<CO11))+(($E11=$G11)*(CM11=CO11)))-ISBLANK($E11)*(CM11=CO11)+(($E11-$G11)=(CM11-CO11))))) | CT11: : | CV11: =IF(ISBLANK($E11),"",(IF(ISBLANK(CS11),0,IF((($E11=CS11)*($G11=CU11))*NOT(ISBLANK($E11)),1,0)+((($E11>$G11)*(CS11>CU11))+(($E11<$G11)*(CS11<CU11))+(($E11=$G11)*(CS11=CU11)))-ISBLANK($E11)*(CS11=CU11)+(($E11-$G11)=(CS11-CU11))))) | CZ11: : | DB11: =IF(ISBLANK($E11),"",(IF(ISBLANK(CY11),0,IF((($E11=CY11)*($G11=DA11))*NOT(ISBLANK($E11)),1,0)+((($E11>$G11)*(CY11>DA11))+(($E11<$G11)*(CY11<DA11))+(($E11=$G11)*(CY11=DA11)))-ISBLANK($E11)*(CY11=DA11)+(($E11-$G11)=(CY11-DA11))))) | DF11: : | DH11: =IF(ISBLANK($E11),"",(IF(ISBLANK(DE11),0,IF((($E11=DE11)*($G11=DG11))*NOT(ISBLANK($E11)),1,0)+((($E11>$G11)*(DE11>DG11))+(($E11<$G11)*(DE11<DG11))+(($E11=$G11)*(DE11=DG11)))-ISBLANK($E11)*(DE11=DG11)+(($E11-$G11)=(DE11-DG11))))) | DL11: : | DN11: =IF(ISBLANK($E11),"",(IF(ISBLANK(DK11),0,IF((($E11=DK11)*($G11=DM11))*NOT(ISBLANK($E11)),1,0)+((($E11>$G11)*(DK11>DM11))+(($E11<$G11)*(DK11<DM11))+(($E11=$G11)*(DK11=DM11)))-ISBLANK($E11)*(DK11=DM11)+(($E11-$G11)=(DK11-DM11))))) | DR11: : | DT11: =IF(ISBLANK($E11),"",(IF(ISBLANK(DQ11),0,IF((($E11=DQ11)*($G11=DS11))*NOT(ISBLANK($E11)),1,0)+((($E11>$G11)*(DQ11>DS11))+(($E11<$G11)*(DQ11<DS11))+(($E11=$G11)*(DQ11=DS11)))-ISBLANK($E11)*(DQ11=DS11)+(($E11-$G11)=(DQ11-DS11))))) | DX11: : | DZ11: =IF(ISBLANK($E11),"",(IF(ISBLANK(DW11),0,IF((($E11=DW11)*($G11=DY11))*NOT(ISBLANK($E11)),1,0)+((($E11>$G11)*(DW11>DY11))+(($E11<$G11)*(DW11<DY11))+(($E11=$G11)*(DW11=DY11)))-ISBLANK($E11)*(DW11=DY11)+(($E11-$G11)=(DW11-DY11))))) | ED11: : | EF11: =IF(ISBLANK($E11),"",(IF(ISBLANK(EC11),0,IF((($E11=EC11)*($G11=EE11))*NOT(ISBLANK($E11)),1,0)+((($E11>$G11)*(EC11>EE11))+(($E11<$G11)*(EC11<EE11))+(($E11=$G11)*(EC11=EE11)))-ISBLANK($E11)*(EC11=EE11)+(($E11-$G11)=(EC11-EE11))))) | EJ11: : | EL11: =IF(ISBLANK($E11),"",(IF(ISBLANK(EI11),0,IF((($E11=EI11)*($G11=EK11))*NOT(ISBLANK($E11)),1,0)+((($E11>$G11)*(EI11>EK11))+(($E11<$G11)*(EI11<EK11))+(($E11=$G11)*(EI11=EK11)))-ISBLANK($E11)*(EI11=EK11)+(($E11-$G11)=(EI11-EK11))))) | EP11: : | ER11: =IF(ISBLANK($E11),"",(IF(ISBLANK(EO11),0,IF((($E11=EO11)*($G11=EQ11))*NOT(ISBLANK($E11)),1,0)+((($E11>$G11)*(EO11>EQ11))+(($E11<$G11)*(EO11<EQ11))+(($E11=$G11)*(EO11=EQ11)))-ISBLANK($E11)*(EO11=EQ11)+(($E11-$G11)=(EO11-EQ11))))) | EV11: : | EX11: =IF(ISBLANK($E11),"",(IF(ISBLANK(EU11),0,IF((($E11=EU11)*($G11=EW11))*NOT(ISBLANK($E11)),1,0)+((($E11>$G11)*(EU11>EW11))+(($E11<$G11)*(EU11<EW11))+(($E11=$G11)*(EU11=EW11)))-ISBLANK($E11)*(EU11=EW11)+(($E11-$G11)=(EU11-EW11))))) | FB11: : | FD11: =IF(ISBLANK($E11),"",(IF(ISBLANK(FA11),0,IF((($E11=FA11)*($G11=FC11))*NOT(ISBLANK($E11)),1,0)+((($E11>$G11)*(FA11>FC11))+(($E11<$G11)*(FA11<FC11))+(($E11=$G11)*(FA11=FC11)))-ISBLANK($E11)*(FA11=FC11)+(($E11-$G11)=(FA11-FC11))))) | FH11: : | FJ11: =IF(ISBLANK($E11),"",(IF(ISBLANK(FG11),0,IF((($E11=FG11)*($G11=FI11))*NOT(ISBLANK($E11)),1,0)+((($E11>$G11)*(FG11>FI11))+(($E11<$G11)*(FG11<FI11))+(($E11=$G11)*(FG11=FI11)))-ISBLANK($E11)*(FG11=FI11)+(($E11-$G11)=(FG11-FI11))))) | FN11: : | FP11: =IF(ISBLANK($E11),"",(IF(ISBLANK(FM11),0,IF((($E11=FM11)*($G11=FO11))*NOT(ISBLANK($E11)),1,0)+((($E11>$G11)*(FM11>FO11))+(($E11<$G11)*(FM11<FO11))+(($E11=$G11)*(FM11=FO11)))-ISBLANK($E11)*(FM11=FO11)+(($E11-$G11)=(FM11-FO11))))) | FT11: : | FV11: =IF(ISBLANK($E11),"",(IF(ISBLANK(FS11),0,IF((($E11=FS11)*($G11=FU11))*NOT(ISBLANK($E11)),1,0)+((($E11>$G11)*(FS11>FU11))+(($E11<$G11)*(FS11<FU11))+(($E11=$G11)*(FS11=FU11)))-ISBLANK($E11)*(FS11=FU11)+(($E11-$G11)=(FS11-FU11))))) | FZ11: : | GB11: =IF(ISBLANK($E11),"",(IF(ISBLANK(FY11),0,IF((($E11=FY11)*($G11=GA11))*NOT(ISBLANK($E11)),1,0)+((($E11>$G11)*(FY11>GA11))+(($E11<$G11)*(FY11<GA11))+(($E11=$G11)*(FY11=GA11)))-ISBLANK($E11)*(FY11=GA11)+(($E11-$G11)=(FY11-GA11))))) | GF11: : | GH11: =IF(ISBLANK($E11),"",(IF(ISBLANK(GE11),0,IF((($E11=GE11)*($G11=GG11))*NOT(ISBLANK($E11)),1,0)+((($E11>$G11)*(GE11>GG11))+(($E11<$G11)*(GE11<GG11))+(($E11=$G11)*(GE11=GG11)))-ISBLANK($E11)*(GE11=GG11)+(($E11-$G11)=(GE11-GG11))))) | GL11: : | GN11: =IF(ISBLANK($E11),"",(IF(ISBLANK(GK11),0,IF((($E11=GK11)*($G11=GM11))*NOT(ISBLANK($E11)),1,0)+((($E11>$G11)*(GK11>GM11))+(($E11<$G11)*(GK11<GM11))+(($E11=$G11)*(GK11=GM11)))-ISBLANK($E11)*(GK11=GM11)+(($E11-$G11)=(GK11-GM11))))) | GR11: : | GT11: =IF(ISBLANK($E11),"",(IF(ISBLANK(GQ11),0,IF((($E11=GQ11)*($G11=GS11))*NOT(ISBLANK($E11)),1,0)+((($E11>$G11)*(GQ11>GS11))+(($E11<$G11)*(GQ11<GS11))+(($E11=$G11)*(GQ11=GS11)))-ISBLANK($E11)*(GQ11=GS11)+(($E11-$G11)=(GQ11-GS11)))))
C12: : | F12: : | I12: =COUNTIF(P12,3)+COUNTIF(V12,3)+COUNTIF(AB12,3)+COUNTIF(AH12,3)+COUNTIF(AN12,3)+COUNTIF(AT12,3)+COUNTIF(AZ12,3)+COUNTIF(BF12,3)+COUNTIF(BL12,3)+COUNTIF(BR12,3)+COUNTIF(BX12,3)+COUNTIF(CD12,3)+COUNTIF(CJ12,3)+COUNTIF(CP12,3)+COUNTIF(CV12,3)+COUNTIF(DB12,3)+COUNTIF(DH12,3)+COUNTIF(DN12,3)+COUNTIF(DT12,3)+COUNTIF(DZ12,3)+COUNTIF(EF12,3)+COUNTIF(EL12,3)+COUNTIF(ER12,3)+COUNTIF(EX12,3)+COUNTIF(FD12,3)+COUNTIF(FJ12,3)+COUNTIF(FP12,3)+COUNTIF(FV12,3)+COUNTIF(GB12,3)+COUNTIF(GH12,3)+COUNTIF(GN12,3)+COUNTIF(GT12,3) | J12: =COUNTIF(P12,2)+COUNTIF(V12,2)+COUNTIF(AB12,2)+COUNTIF(AH12,2)+COUNTIF(AN12,2)+COUNTIF(AT12,2)+COUNTIF(AZ12,2)+COUNTIF(BF12,2)+COUNTIF(BL12,2)+COUNTIF(BR12,2)+COUNTIF(BX12,2)+COUNTIF(CD12,2)+COUNTIF(CJ12,2)+COUNTIF(CP12,2)+COUNTIF(CV12,2)+COUNTIF(DB12,2)+COUNTIF(DH12,2)+COUNTIF(DN12,2)+COUNTIF(DT12,2)+COUNTIF(DZ12,2)+COUNTIF(EF12,2)+COUNTIF(EL12,2)+COUNTIF(ER12,2)+COUNTIF(EX12,2)+COUNTIF(FD12,2)+COUNTIF(FJ12,2)+COUNTIF(FP12,2)+COUNTIF(FV12,2)+COUNTIF(GB12,2)+COUNTIF(GH12,2)+COUNTIF(GN12,2)+COUNTIF(GT12,2) | K12: =COUNTIF(P12,1)+COUNTIF(V12,1)+COUNTIF(AB12,1)+COUNTIF(AH12,1)+COUNTIF(AN12,1)+COUNTIF(AT12,1)+COUNTIF(AZ12,1)+COUNTIF(BF12,1)+COUNTIF(BL12,1)+COUNTIF(BR12,1)+COUNTIF(BX12,1)+COUNTIF(CD12,1)+COUNTIF(CJ12,1)+COUNTIF(CP12,1)+COUNTIF(CV12,1)+COUNTIF(DB12,1)+COUNTIF(DH12,1)+COUNTIF(DN12,1)+COUNTIF(DT12,1)+COUNTIF(DZ12,1)+COUNTIF(EF12,1)+COUNTIF(EL12,1)+COUNTIF(ER12,1)+COUNTIF(EX12,1)+COUNTIF(FD12,1)+COUNTIF(FJ12,1)+COUNTIF(FP12,1)+COUNTIF(FV12,1)+COUNTIF(GB12,1)+COUNTIF(GH12,1)+COUNTIF(GN12,1)+COUNTIF(GT12,1) | N12: : | P12: =IF(ISBLANK($E12),"",(IF(ISBLANK(M12),0,IF((($E12=M12)*($G12=O12))*NOT(ISBLANK($E12)),1,0)+((($E12>$G12)*(M12>O12))+(($E12<$G12)*(M12<O12))+(($E12=$G12)*(M12=O12)))-ISBLANK($E12)*(M12=O12)+(($E12-$G12)=(M12-O12))))) | T12: : | V12: =IF(ISBLANK($E12),"",(IF(ISBLANK(S12),0,IF((($E12=S12)*($G12=U12))*NOT(ISBLANK($E12)),1,0)+((($E12>$G12)*(S12>U12))+(($E12<$G12)*(S12<U12))+(($E12=$G12)*(S12=U12)))-ISBLANK($E12)*(S12=U12)+(($E12-$G12)=(S12-U12))))) | Z12: : | AB12: =IF(ISBLANK($E12),"",(IF(ISBLANK(Y12),0,IF((($E12=Y12)*($G12=AA12))*NOT(ISBLANK($E12)),1,0)+((($E12>$G12)*(Y12>AA12))+(($E12<$G12)*(Y12<AA12))+(($E12=$G12)*(Y12=AA12)))-ISBLANK($E12)*(Y12=AA12)+(($E12-$G12)=(Y12-AA12))))) | AF12: : | AH12: =IF(ISBLANK($E12),"",(IF(ISBLANK(AE12),0,IF((($E12=AE12)*($G12=AG12))*NOT(ISBLANK($E12)),1,0)+((($E12>$G12)*(AE12>AG12))+(($E12<$G12)*(AE12<AG12))+(($E12=$G12)*(AE12=AG12)))-ISBLANK($E12)*(AE12=AG12)+(($E12-$G12)=(AE12-AG12))))) | AL12: : | AN12: =IF(ISBLANK($E12),"",(IF(ISBLANK(AK12),0,IF((($E12=AK12)*($G12=AM12))*NOT(ISBLANK($E12)),1,0)+((($E12>$G12)*(AK12>AM12))+(($E12<$G12)*(AK12<AM12))+(($E12=$G12)*(AK12=AM12)))-ISBLANK($E12)*(AK12=AM12)+(($E12-$G12)=(AK12-AM12))))) | AR12: : | AT12: =IF(ISBLANK($E12),"",(IF(ISBLANK(AQ12),0,IF((($E12=AQ12)*($G12=AS12))*NOT(ISBLANK($E12)),1,0)+((($E12>$G12)*(AQ12>AS12))+(($E12<$G12)*(AQ12<AS12))+(($E12=$G12)*(AQ12=AS12)))-ISBLANK($E12)*(AQ12=AS12)+(($E12-$G12)=(AQ12-AS12))))) | AX12: : | AZ12: =IF(ISBLANK($E12),"",(IF(ISBLANK(AW12),0,IF((($E12=AW12)*($G12=AY12))*NOT(ISBLANK($E12)),1,0)+((($E12>$G12)*(AW12>AY12))+(($E12<$G12)*(AW12<AY12))+(($E12=$G12)*(AW12=AY12)))-ISBLANK($E12)*(AW12=AY12)+(($E12-$G12)=(AW12-AY12))))) | BD12: : | BF12: =IF(ISBLANK($E12),"",(IF(ISBLANK(BC12),0,IF((($E12=BC12)*($G12=BE12))*NOT(ISBLANK($E12)),1,0)+((($E12>$G12)*(BC12>BE12))+(($E12<$G12)*(BC12<BE12))+(($E12=$G12)*(BC12=BE12)))-ISBLANK($E12)*(BC12=BE12)+(($E12-$G12)=(BC12-BE12))))) | BJ12: : | BL12: =IF(ISBLANK($E12),"",(IF(ISBLANK(BI12),0,IF((($E12=BI12)*($G12=BK12))*NOT(ISBLANK($E12)),1,0)+((($E12>$G12)*(BI12>BK12))+(($E12<$G12)*(BI12<BK12))+(($E12=$G12)*(BI12=BK12)))-ISBLANK($E12)*(BI12=BK12)+(($E12-$G12)=(BI12-BK12))))) | BP12: : | BR12: =IF(ISBLANK($E12),"",(IF(ISBLANK(BO12),0,IF((($E12=BO12)*($G12=BQ12))*NOT(ISBLANK($E12)),1,0)+((($E12>$G12)*(BO12>BQ12))+(($E12<$G12)*(BO12<BQ12))+(($E12=$G12)*(BO12=BQ12)))-ISBLANK($E12)*(BO12=BQ12)+(($E12-$G12)=(BO12-BQ12))))) | BV12: : | BX12: =IF(ISBLANK($E12),"",(IF(ISBLANK(BU12),0,IF((($E12=BU12)*($G12=BW12))*NOT(ISBLANK($E12)),1,0)+((($E12>$G12)*(BU12>BW12))+(($E12<$G12)*(BU12<BW12))+(($E12=$G12)*(BU12=BW12)))-ISBLANK($E12)*(BU12=BW12)+(($E12-$G12)=(BU12-BW12))))) | CB12: : | CD12: =IF(ISBLANK($E12),"",(IF(ISBLANK(CA12),0,IF((($E12=CA12)*($G12=CC12))*NOT(ISBLANK($E12)),1,0)+((($E12>$G12)*(CA12>CC12))+(($E12<$G12)*(CA12<CC12))+(($E12=$G12)*(CA12=CC12)))-ISBLANK($E12)*(CA12=CC12)+(($E12-$G12)=(CA12-CC12))))) | CH12: : | CJ12: =IF(ISBLANK($E12),"",(IF(ISBLANK(CG12),0,IF((($E12=CG12)*($G12=CI12))*NOT(ISBLANK($E12)),1,0)+((($E12>$G12)*(CG12>CI12))+(($E12<$G12)*(CG12<CI12))+(($E12=$G12)*(CG12=CI12)))-ISBLANK($E12)*(CG12=CI12)+(($E12-$G12)=(CG12-CI12))))) | CN12: : | CP12: =IF(ISBLANK($E12),"",(IF(ISBLANK(CM12),0,IF((($E12=CM12)*($G12=CO12))*NOT(ISBLANK($E12)),1,0)+((($E12>$G12)*(CM12>CO12))+(($E12<$G12)*(CM12<CO12))+(($E12=$G12)*(CM12=CO12)))-ISBLANK($E12)*(CM12=CO12)+(($E12-$G12)=(CM12-CO12))))) | CT12: : | CV12: =IF(ISBLANK($E12),"",(IF(ISBLANK(CS12),0,IF((($E12=CS12)*($G12=CU12))*NOT(ISBLANK($E12)),1,0)+((($E12>$G12)*(CS12>CU12))+(($E12<$G12)*(CS12<CU12))+(($E12=$G12)*(CS12=CU12)))-ISBLANK($E12)*(CS12=CU12)+(($E12-$G12)=(CS12-CU12))))) | CZ12: : | DB12: =IF(ISBLANK($E12),"",(IF(ISBLANK(CY12),0,IF((($E12=CY12)*($G12=DA12))*NOT(ISBLANK($E12)),1,0)+((($E12>$G12)*(CY12>DA12))+(($E12<$G12)*(CY12<DA12))+(($E12=$G12)*(CY12=DA12)))-ISBLANK($E12)*(CY12=DA12)+(($E12-$G12)=(CY12-DA12))))) | DF12: : | DH12: =IF(ISBLANK($E12),"",(IF(ISBLANK(DE12),0,IF((($E12=DE12)*($G12=DG12))*NOT(ISBLANK($E12)),1,0)+((($E12>$G12)*(DE12>DG12))+(($E12<$G12)*(DE12<DG12))+(($E12=$G12)*(DE12=DG12)))-ISBLANK($E12)*(DE12=DG12)+(($E12-$G12)=(DE12-DG12))))) | DL12: : | DN12: =IF(ISBLANK($E12),"",(IF(ISBLANK(DK12),0,IF((($E12=DK12)*($G12=DM12))*NOT(ISBLANK($E12)),1,0)+((($E12>$G12)*(DK12>DM12))+(($E12<$G12)*(DK12<DM12))+(($E12=$G12)*(DK12=DM12)))-ISBLANK($E12)*(DK12=DM12)+(($E12-$G12)=(DK12-DM12))))) | DR12: : | DT12: =IF(ISBLANK($E12),"",(IF(ISBLANK(DQ12),0,IF((($E12=DQ12)*($G12=DS12))*NOT(ISBLANK($E12)),1,0)+((($E12>$G12)*(DQ12>DS12))+(($E12<$G12)*(DQ12<DS12))+(($E12=$G12)*(DQ12=DS12)))-ISBLANK($E12)*(DQ12=DS12)+(($E12-$G12)=(DQ12-DS12))))) | DX12: : | DZ12: =IF(ISBLANK($E12),"",(IF(ISBLANK(DW12),0,IF((($E12=DW12)*($G12=DY12))*NOT(ISBLANK($E12)),1,0)+((($E12>$G12)*(DW12>DY12))+(($E12<$G12)*(DW12<DY12))+(($E12=$G12)*(DW12=DY12)))-ISBLANK($E12)*(DW12=DY12)+(($E12-$G12)=(DW12-DY12))))) | ED12: : | EF12: =IF(ISBLANK($E12),"",(IF(ISBLANK(EC12),0,IF((($E12=EC12)*($G12=EE12))*NOT(ISBLANK($E12)),1,0)+((($E12>$G12)*(EC12>EE12))+(($E12<$G12)*(EC12<EE12))+(($E12=$G12)*(EC12=EE12)))-ISBLANK($E12)*(EC12=EE12)+(($E12-$G12)=(EC12-EE12))))) | EJ12: : | EL12: =IF(ISBLANK($E12),"",(IF(ISBLANK(EI12),0,IF((($E12=EI12)*($G12=EK12))*NOT(ISBLANK($E12)),1,0)+((($E12>$G12)*(EI12>EK12))+(($E12<$G12)*(EI12<EK12))+(($E12=$G12)*(EI12=EK12)))-ISBLANK($E12)*(EI12=EK12)+(($E12-$G12)=(EI12-EK12))))) | EP12: : | ER12: =IF(ISBLANK($E12),"",(IF(ISBLANK(EO12),0,IF((($E12=EO12)*($G12=EQ12))*NOT(ISBLANK($E12)),1,0)+((($E12>$G12)*(EO12>EQ12))+(($E12<$G12)*(EO12<EQ12))+(($E12=$G12)*(EO12=EQ12)))-ISBLANK($E12)*(EO12=EQ12)+(($E12-$G12)=(EO12-EQ12))))) | EV12: : | EX12: =IF(ISBLANK($E12),"",(IF(ISBLANK(EU12),0,IF((($E12=EU12)*($G12=EW12))*NOT(ISBLANK($E12)),1,0)+((($E12>$G12)*(EU12>EW12))+(($E12<$G12)*(EU12<EW12))+(($E12=$G12)*(EU12=EW12)))-ISBLANK($E12)*(EU12=EW12)+(($E12-$G12)=(EU12-EW12))))) | FB12: : | FD12: =IF(ISBLANK($E12),"",(IF(ISBLANK(FA12),0,IF((($E12=FA12)*($G12=FC12))*NOT(ISBLANK($E12)),1,0)+((($E12>$G12)*(FA12>FC12))+(($E12<$G12)*(FA12<FC12))+(($E12=$G12)*(FA12=FC12)))-ISBLANK($E12)*(FA12=FC12)+(($E12-$G12)=(FA12-FC12))))) | FH12: : | FJ12: =IF(ISBLANK($E12),"",(IF(ISBLANK(FG12),0,IF((($E12=FG12)*($G12=FI12))*NOT(ISBLANK($E12)),1,0)+((($E12>$G12)*(FG12>FI12))+(($E12<$G12)*(FG12<FI12))+(($E12=$G12)*(FG12=FI12)))-ISBLANK($E12)*(FG12=FI12)+(($E12-$G12)=(FG12-FI12))))) | FN12: : | FP12: =IF(ISBLANK($E12),"",(IF(ISBLANK(FM12),0,IF((($E12=FM12)*($G12=FO12))*NOT(ISBLANK($E12)),1,0)+((($E12>$G12)*(FM12>FO12))+(($E12<$G12)*(FM12<FO12))+(($E12=$G12)*(FM12=FO12)))-ISBLANK($E12)*(FM12=FO12)+(($E12-$G12)=(FM12-FO12))))) | FT12: : | FV12: =IF(ISBLANK($E12),"",(IF(ISBLANK(FS12),0,IF((($E12=FS12)*($G12=FU12))*NOT(ISBLANK($E12)),1,0)+((($E12>$G12)*(FS12>FU12))+(($E12<$G12)*(FS12<FU12))+(($E12=$G12)*(FS12=FU12)))-ISBLANK($E12)*(FS12=FU12)+(($E12-$G12)=(FS12-FU12))))) | FZ12: : | GB12: =IF(ISBLANK($E12),"",(IF(ISBLANK(FY12),0,IF((($E12=FY12)*($G12=GA12))*NOT(ISBLANK($E12)),1,0)+((($E12>$G12)*(FY12>GA12))+(($E12<$G12)*(FY12<GA12))+(($E12=$G12)*(FY12=GA12)))-ISBLANK($E12)*(FY12=GA12)+(($E12-$G12)=(FY12-GA12))))) | GF12: : | GH12: =IF(ISBLANK($E12),"",(IF(ISBLANK(GE12),0,IF((($E12=GE12)*($G12=GG12))*NOT(ISBLANK($E12)),1,0)+((($E12>$G12)*(GE12>GG12))+(($E12<$G12)*(GE12<GG12))+(($E12=$G12)*(GE12=GG12)))-ISBLANK($E12)*(GE12=GG12)+(($E12-$G12)=(GE12-GG12))))) | GL12: : | GN12: =IF(ISBLANK($E12),"",(IF(ISBLANK(GK12),0,IF((($E12=GK12)*($G12=GM12))*NOT(ISBLANK($E12)),1,0)+((($E12>$G12)*(GK12>GM12))+(($E12<$G12)*(GK12<GM12))+(($E12=$G12)*(GK12=GM12)))-ISBLANK($E12)*(GK12=GM12)+(($E12-$G12)=(GK12-GM12))))) | GR12: : | GT12: =IF(ISBLANK($E12),"",(IF(ISBLANK(GQ12),0,IF((($E12=GQ12)*($G12=GS12))*NOT(ISBLANK($E12)),1,0)+((($E12>$G12)*(GQ12>GS12))+(($E12<$G12)*(GQ12<GS12))+(($E12=$G12)*(GQ12=GS12)))-ISBLANK($E12)*(GQ12=GS12)+(($E12-$G12)=(GQ12-GS12)))))
C13: : | F13: : | I13: =COUNTIF(P13,3)+COUNTIF(V13,3)+COUNTIF(AB13,3)+COUNTIF(AH13,3)+COUNTIF(AN13,3)+COUNTIF(AT13,3)+COUNTIF(AZ13,3)+COUNTIF(BF13,3)+COUNTIF(BL13,3)+COUNTIF(BR13,3)+COUNTIF(BX13,3)+COUNTIF(CD13,3)+COUNTIF(CJ13,3)+COUNTIF(CP13,3)+COUNTIF(CV13,3)+COUNTIF(DB13,3)+COUNTIF(DH13,3)+COUNTIF(DN13,3)+COUNTIF(DT13,3)+COUNTIF(DZ13,3)+COUNTIF(EF13,3)+COUNTIF(EL13,3)+COUNTIF(ER13,3)+COUNTIF(EX13,3)+COUNTIF(FD13,3)+COUNTIF(FJ13,3)+COUNTIF(FP13,3)+COUNTIF(FV13,3)+COUNTIF(GB13,3)+COUNTIF(GH13,3)+COUNTIF(GN13,3)+COUNTIF(GT13,3) | J13: =COUNTIF(P13,2)+COUNTIF(V13,2)+COUNTIF(AB13,2)+COUNTIF(AH13,2)+COUNTIF(AN13,2)+COUNTIF(AT13,2)+COUNTIF(AZ13,2)+COUNTIF(BF13,2)+COUNTIF(BL13,2)+COUNTIF(BR13,2)+COUNTIF(BX13,2)+COUNTIF(CD13,2)+COUNTIF(CJ13,2)+COUNTIF(CP13,2)+COUNTIF(CV13,2)+COUNTIF(DB13,2)+COUNTIF(DH13,2)+COUNTIF(DN13,2)+COUNTIF(DT13,2)+COUNTIF(DZ13,2)+COUNTIF(EF13,2)+COUNTIF(EL13,2)+COUNTIF(ER13,2)+COUNTIF(EX13,2)+COUNTIF(FD13,2)+COUNTIF(FJ13,2)+COUNTIF(FP13,2)+COUNTIF(FV13,2)+COUNTIF(GB13,2)+COUNTIF(GH13,2)+COUNTIF(GN13,2)+COUNTIF(GT13,2) | K13: =COUNTIF(P13,1)+COUNTIF(V13,1)+COUNTIF(AB13,1)+COUNTIF(AH13,1)+COUNTIF(AN13,1)+COUNTIF(AT13,1)+COUNTIF(AZ13,1)+COUNTIF(BF13,1)+COUNTIF(BL13,1)+COUNTIF(BR13,1)+COUNTIF(BX13,1)+COUNTIF(CD13,1)+COUNTIF(CJ13,1)+COUNTIF(CP13,1)+COUNTIF(CV13,1)+COUNTIF(DB13,1)+COUNTIF(DH13,1)+COUNTIF(DN13,1)+COUNTIF(DT13,1)+COUNTIF(DZ13,1)+COUNTIF(EF13,1)+COUNTIF(EL13,1)+COUNTIF(ER13,1)+COUNTIF(EX13,1)+COUNTIF(FD13,1)+COUNTIF(FJ13,1)+COUNTIF(FP13,1)+COUNTIF(FV13,1)+COUNTIF(GB13,1)+COUNTIF(GH13,1)+COUNTIF(GN13,1)+COUNTIF(GT13,1) | N13: : | P13: =IF(ISBLANK($E13),"",(IF(ISBLANK(M13),0,IF((($E13=M13)*($G13=O13))*NOT(ISBLANK($E13)),1,0)+((($E13>$G13)*(M13>O13))+(($E13<$G13)*(M13<O13))+(($E13=$G13)*(M13=O13)))-ISBLANK($E13)*(M13=O13)+(($E13-$G13)=(M13-O13))))) | T13: : | V13: =IF(ISBLANK($E13),"",(IF(ISBLANK(S13),0,IF((($E13=S13)*($G13=U13))*NOT(ISBLANK($E13)),1,0)+((($E13>$G13)*(S13>U13))+(($E13<$G13)*(S13<U13))+(($E13=$G13)*(S13=U13)))-ISBLANK($E13)*(S13=U13)+(($E13-$G13)=(S13-U13))))) | Z13: : | AB13: =IF(ISBLANK($E13),"",(IF(ISBLANK(Y13),0,IF((($E13=Y13)*($G13=AA13))*NOT(ISBLANK($E13)),1,0)+((($E13>$G13)*(Y13>AA13))+(($E13<$G13)*(Y13<AA13))+(($E13=$G13)*(Y13=AA13)))-ISBLANK($E13)*(Y13=AA13)+(($E13-$G13)=(Y13-AA13))))) | AF13: : | AH13: =IF(ISBLANK($E13),"",(IF(ISBLANK(AE13),0,IF((($E13=AE13)*($G13=AG13))*NOT(ISBLANK($E13)),1,0)+((($E13>$G13)*(AE13>AG13))+(($E13<$G13)*(AE13<AG13))+(($E13=$G13)*(AE13=AG13)))-ISBLANK($E13)*(AE13=AG13)+(($E13-$G13)=(AE13-AG13))))) | AL13: : | AN13: =IF(ISBLANK($E13),"",(IF(ISBLANK(AK13),0,IF((($E13=AK13)*($G13=AM13))*NOT(ISBLANK($E13)),1,0)+((($E13>$G13)*(AK13>AM13))+(($E13<$G13)*(AK13<AM13))+(($E13=$G13)*(AK13=AM13)))-ISBLANK($E13)*(AK13=AM13)+(($E13-$G13)=(AK13-AM13))))) | AR13: : | AT13: =IF(ISBLANK($E13),"",(IF(ISBLANK(AQ13),0,IF((($E13=AQ13)*($G13=AS13))*NOT(ISBLANK($E13)),1,0)+((($E13>$G13)*(AQ13>AS13))+(($E13<$G13)*(AQ13<AS13))+(($E13=$G13)*(AQ13=AS13)))-ISBLANK($E13)*(AQ13=AS13)+(($E13-$G13)=(AQ13-AS13))))) | AX13: : | AZ13: =IF(ISBLANK($E13),"",(IF(ISBLANK(AW13),0,IF((($E13=AW13)*($G13=AY13))*NOT(ISBLANK($E13)),1,0)+((($E13>$G13)*(AW13>AY13))+(($E13<$G13)*(AW13<AY13))+(($E13=$G13)*(AW13=AY13)))-ISBLANK($E13)*(AW13=AY13)+(($E13-$G13)=(AW13-AY13))))) | BD13: : | BF13: =IF(ISBLANK($E13),"",(IF(ISBLANK(BC13),0,IF((($E13=BC13)*($G13=BE13))*NOT(ISBLANK($E13)),1,0)+((($E13>$G13)*(BC13>BE13))+(($E13<$G13)*(BC13<BE13))+(($E13=$G13)*(BC13=BE13)))-ISBLANK($E13)*(BC13=BE13)+(($E13-$G13)=(BC13-BE13))))) | BJ13: : | BL13: =IF(ISBLANK($E13),"",(IF(ISBLANK(BI13),0,IF((($E13=BI13)*($G13=BK13))*NOT(ISBLANK($E13)),1,0)+((($E13>$G13)*(BI13>BK13))+(($E13<$G13)*(BI13<BK13))+(($E13=$G13)*(BI13=BK13)))-ISBLANK($E13)*(BI13=BK13)+(($E13-$G13)=(BI13-BK13))))) | BP13: : | BR13: =IF(ISBLANK($E13),"",(IF(ISBLANK(BO13),0,IF((($E13=BO13)*($G13=BQ13))*NOT(ISBLANK($E13)),1,0)+((($E13>$G13)*(BO13>BQ13))+(($E13<$G13)*(BO13<BQ13))+(($E13=$G13)*(BO13=BQ13)))-ISBLANK($E13)*(BO13=BQ13)+(($E13-$G13)=(BO13-BQ13))))) | BV13: : | BX13: =IF(ISBLANK($E13),"",(IF(ISBLANK(BU13),0,IF((($E13=BU13)*($G13=BW13))*NOT(ISBLANK($E13)),1,0)+((($E13>$G13)*(BU13>BW13))+(($E13<$G13)*(BU13<BW13))+(($E13=$G13)*(BU13=BW13)))-ISBLANK($E13)*(BU13=BW13)+(($E13-$G13)=(BU13-BW13))))) | CB13: : | CD13: =IF(ISBLANK($E13),"",(IF(ISBLANK(CA13),0,IF((($E13=CA13)*($G13=CC13))*NOT(ISBLANK($E13)),1,0)+((($E13>$G13)*(CA13>CC13))+(($E13<$G13)*(CA13<CC13))+(($E13=$G13)*(CA13=CC13)))-ISBLANK($E13)*(CA13=CC13)+(($E13-$G13)=(CA13-CC13))))) | CH13: : | CJ13: =IF(ISBLANK($E13),"",(IF(ISBLANK(CG13),0,IF((($E13=CG13)*($G13=CI13))*NOT(ISBLANK($E13)),1,0)+((($E13>$G13)*(CG13>CI13))+(($E13<$G13)*(CG13<CI13))+(($E13=$G13)*(CG13=CI13)))-ISBLANK($E13)*(CG13=CI13)+(($E13-$G13)=(CG13-CI13))))) | CN13: : | CP13: =IF(ISBLANK($E13),"",(IF(ISBLANK(CM13),0,IF((($E13=CM13)*($G13=CO13))*NOT(ISBLANK($E13)),1,0)+((($E13>$G13)*(CM13>CO13))+(($E13<$G13)*(CM13<CO13))+(($E13=$G13)*(CM13=CO13)))-ISBLANK($E13)*(CM13=CO13)+(($E13-$G13)=(CM13-CO13))))) | CT13: : | CV13: =IF(ISBLANK($E13),"",(IF(ISBLANK(CS13),0,IF((($E13=CS13)*($G13=CU13))*NOT(ISBLANK($E13)),1,0)+((($E13>$G13)*(CS13>CU13))+(($E13<$G13)*(CS13<CU13))+(($E13=$G13)*(CS13=CU13)))-ISBLANK($E13)*(CS13=CU13)+(($E13-$G13)=(CS13-CU13))))) | CZ13: : | DB13: =IF(ISBLANK($E13),"",(IF(ISBLANK(CY13),0,IF((($E13=CY13)*($G13=DA13))*NOT(ISBLANK($E13)),1,0)+((($E13>$G13)*(CY13>DA13))+(($E13<$G13)*(CY13<DA13))+(($E13=$G13)*(CY13=DA13)))-ISBLANK($E13)*(CY13=DA13)+(($E13-$G13)=(CY13-DA13))))) | DF13: : | DH13: =IF(ISBLANK($E13),"",(IF(ISBLANK(DE13),0,IF((($E13=DE13)*($G13=DG13))*NOT(ISBLANK($E13)),1,0)+((($E13>$G13)*(DE13>DG13))+(($E13<$G13)*(DE13<DG13))+(($E13=$G13)*(DE13=DG13)))-ISBLANK($E13)*(DE13=DG13)+(($E13-$G13)=(DE13-DG13))))) | DL13: : | DN13: =IF(ISBLANK($E13),"",(IF(ISBLANK(DK13),0,IF((($E13=DK13)*($G13=DM13))*NOT(ISBLANK($E13)),1,0)+((($E13>$G13)*(DK13>DM13))+(($E13<$G13)*(DK13<DM13))+(($E13=$G13)*(DK13=DM13)))-ISBLANK($E13)*(DK13=DM13)+(($E13-$G13)=(DK13-DM13))))) | DR13: : | DT13: =IF(ISBLANK($E13),"",(IF(ISBLANK(DQ13),0,IF((($E13=DQ13)*($G13=DS13))*NOT(ISBLANK($E13)),1,0)+((($E13>$G13)*(DQ13>DS13))+(($E13<$G13)*(DQ13<DS13))+(($E13=$G13)*(DQ13=DS13)))-ISBLANK($E13)*(DQ13=DS13)+(($E13-$G13)=(DQ13-DS13))))) | DX13: : | DZ13: =IF(ISBLANK($E13),"",(IF(ISBLANK(DW13),0,IF((($E13=DW13)*($G13=DY13))*NOT(ISBLANK($E13)),1,0)+((($E13>$G13)*(DW13>DY13))+(($E13<$G13)*(DW13<DY13))+(($E13=$G13)*(DW13=DY13)))-ISBLANK($E13)*(DW13=DY13)+(($E13-$G13)=(DW13-DY13))))) | ED13: : | EF13: =IF(ISBLANK($E13),"",(IF(ISBLANK(EC13),0,IF((($E13=EC13)*($G13=EE13))*NOT(ISBLANK($E13)),1,0)+((($E13>$G13)*(EC13>EE13))+(($E13<$G13)*(EC13<EE13))+(($E13=$G13)*(EC13=EE13)))-ISBLANK($E13)*(EC13=EE13)+(($E13-$G13)=(EC13-EE13))))) | EJ13: : | EL13: =IF(ISBLANK($E13),"",(IF(ISBLANK(EI13),0,IF((($E13=EI13)*($G13=EK13))*NOT(ISBLANK($E13)),1,0)+((($E13>$G13)*(EI13>EK13))+(($E13<$G13)*(EI13<EK13))+(($E13=$G13)*(EI13=EK13)))-ISBLANK($E13)*(EI13=EK13)+(($E13-$G13)=(EI13-EK13))))) | EP13: : | ER13: =IF(ISBLANK($E13),"",(IF(ISBLANK(EO13),0,IF((($E13=EO13)*($G13=EQ13))*NOT(ISBLANK($E13)),1,0)+((($E13>$G13)*(EO13>EQ13))+(($E13<$G13)*(EO13<EQ13))+(($E13=$G13)*(EO13=EQ13)))-ISBLANK($E13)*(EO13=EQ13)+(($E13-$G13)=(EO13-EQ13))))) | EV13: : | EX13: =IF(ISBLANK($E13),"",(IF(ISBLANK(EU13),0,IF((($E13=EU13)*($G13=EW13))*NOT(ISBLANK($E13)),1,0)+((($E13>$G13)*(EU13>EW13))+(($E13<$G13)*(EU13<EW13))+(($E13=$G13)*(EU13=EW13)))-ISBLANK($E13)*(EU13=EW13)+(($E13-$G13)=(EU13-EW13))))) | FB13: : | FD13: =IF(ISBLANK($E13),"",(IF(ISBLANK(FA13),0,IF((($E13=FA13)*($G13=FC13))*NOT(ISBLANK($E13)),1,0)+((($E13>$G13)*(FA13>FC13))+(($E13<$G13)*(FA13<FC13))+(($E13=$G13)*(FA13=FC13)))-ISBLANK($E13)*(FA13=FC13)+(($E13-$G13)=(FA13-FC13))))) | FH13: : | FJ13: =IF(ISBLANK($E13),"",(IF(ISBLANK(FG13),0,IF((($E13=FG13)*($G13=FI13))*NOT(ISBLANK($E13)),1,0)+((($E13>$G13)*(FG13>FI13))+(($E13<$G13)*(FG13<FI13))+(($E13=$G13)*(FG13=FI13)))-ISBLANK($E13)*(FG13=FI13)+(($E13-$G13)=(FG13-FI13))))) | FN13: : | FP13: =IF(ISBLANK($E13),"",(IF(ISBLANK(FM13),0,IF((($E13=FM13)*($G13=FO13))*NOT(ISBLANK($E13)),1,0)+((($E13>$G13)*(FM13>FO13))+(($E13<$G13)*(FM13<FO13))+(($E13=$G13)*(FM13=FO13)))-ISBLANK($E13)*(FM13=FO13)+(($E13-$G13)=(FM13-FO13))))) | FT13: : | FV13: =IF(ISBLANK($E13),"",(IF(ISBLANK(FS13),0,IF((($E13=FS13)*($G13=FU13))*NOT(ISBLANK($E13)),1,0)+((($E13>$G13)*(FS13>FU13))+(($E13<$G13)*(FS13<FU13))+(($E13=$G13)*(FS13=FU13)))-ISBLANK($E13)*(FS13=FU13)+(($E13-$G13)=(FS13-FU13))))) | FZ13: : | GB13: =IF(ISBLANK($E13),"",(IF(ISBLANK(FY13),0,IF((($E13=FY13)*($G13=GA13))*NOT(ISBLANK($E13)),1,0)+((($E13>$G13)*(FY13>GA13))+(($E13<$G13)*(FY13<GA13))+(($E13=$G13)*(FY13=GA13)))-ISBLANK($E13)*(FY13=GA13)+(($E13-$G13)=(FY13-GA13))))) | GF13: : | GH13: =IF(ISBLANK($E13),"",(IF(ISBLANK(GE13),0,IF((($E13=GE13)*($G13=GG13))*NOT(ISBLANK($E13)),1,0)+((($E13>$G13)*(GE13>GG13))+(($E13<$G13)*(GE13<GG13))+(($E13=$G13)*(GE13=GG13)))-ISBLANK($E13)*(GE13=GG13)+(($E13-$G13)=(GE13-GG13))))) | GL13: : | GN13: =IF(ISBLANK($E13),"",(IF(ISBLANK(GK13),0,IF((($E13=GK13)*($G13=GM13))*NOT(ISBLANK($E13)),1,0)+((($E13>$G13)*(GK13>GM13))+(($E13<$G13)*(GK13<GM13))+(($E13=$G13)*(GK13=GM13)))-ISBLANK($E13)*(GK13=GM13)+(($E13-$G13)=(GK13-GM13))))) | GR13: : | GT13: =IF(ISBLANK($E13),"",(IF(ISBLANK(GQ13),0,IF((($E13=GQ13)*($G13=GS13))*NOT(ISBLANK($E13)),1,0)+((($E13>$G13)*(GQ13>GS13))+(($E13<$G13)*(GQ13<GS13))+(($E13=$G13)*(GQ13=GS13)))-ISBLANK($E13)*(GQ13=GS13)+(($E13-$G13)=(GQ13-GS13)))))
C14: : | F14: : | I14: =COUNTIF(P14,3)+COUNTIF(V14,3)+COUNTIF(AB14,3)+COUNTIF(AH14,3)+COUNTIF(AN14,3)+COUNTIF(AT14,3)+COUNTIF(AZ14,3)+COUNTIF(BF14,3)+COUNTIF(BL14,3)+COUNTIF(BR14,3)+COUNTIF(BX14,3)+COUNTIF(CD14,3)+COUNTIF(CJ14,3)+COUNTIF(CP14,3)+COUNTIF(CV14,3)+COUNTIF(DB14,3)+COUNTIF(DH14,3)+COUNTIF(DN14,3)+COUNTIF(DT14,3)+COUNTIF(DZ14,3)+COUNTIF(EF14,3)+COUNTIF(EL14,3)+COUNTIF(ER14,3)+COUNTIF(EX14,3)+COUNTIF(FD14,3)+COUNTIF(FJ14,3)+COUNTIF(FP14,3)+COUNTIF(FV14,3)+COUNTIF(GB14,3)+COUNTIF(GH14,3)+COUNTIF(GN14,3)+COUNTIF(GT14,3) | J14: =COUNTIF(P14,2)+COUNTIF(V14,2)+COUNTIF(AB14,2)+COUNTIF(AH14,2)+COUNTIF(AN14,2)+COUNTIF(AT14,2)+COUNTIF(AZ14,2)+COUNTIF(BF14,2)+COUNTIF(BL14,2)+COUNTIF(BR14,2)+COUNTIF(BX14,2)+COUNTIF(CD14,2)+COUNTIF(CJ14,2)+COUNTIF(CP14,2)+COUNTIF(CV14,2)+COUNTIF(DB14,2)+COUNTIF(DH14,2)+COUNTIF(DN14,2)+COUNTIF(DT14,2)+COUNTIF(DZ14,2)+COUNTIF(EF14,2)+COUNTIF(EL14,2)+COUNTIF(ER14,2)+COUNTIF(EX14,2)+COUNTIF(FD14,2)+COUNTIF(FJ14,2)+COUNTIF(FP14,2)+COUNTIF(FV14,2)+COUNTIF(GB14,2)+COUNTIF(GH14,2)+COUNTIF(GN14,2)+COUNTIF(GT14,2) | K14: =COUNTIF(P14,1)+COUNTIF(V14,1)+COUNTIF(AB14,1)+COUNTIF(AH14,1)+COUNTIF(AN14,1)+COUNTIF(AT14,1)+COUNTIF(AZ14,1)+COUNTIF(BF14,1)+COUNTIF(BL14,1)+COUNTIF(BR14,1)+COUNTIF(BX14,1)+COUNTIF(CD14,1)+COUNTIF(CJ14,1)+COUNTIF(CP14,1)+COUNTIF(CV14,1)+COUNTIF(DB14,1)+COUNTIF(DH14,1)+COUNTIF(DN14,1)+COUNTIF(DT14,1)+COUNTIF(DZ14,1)+COUNTIF(EF14,1)+COUNTIF(EL14,1)+COUNTIF(ER14,1)+COUNTIF(EX14,1)+COUNTIF(FD14,1)+COUNTIF(FJ14,1)+COUNTIF(FP14,1)+COUNTIF(FV14,1)+COUNTIF(GB14,1)+COUNTIF(GH14,1)+COUNTIF(GN14,1)+COUNTIF(GT14,1) | N14: : | P14: =IF(ISBLANK($E14),"",(IF(ISBLANK(M14),0,IF((($E14=M14)*($G14=O14))*NOT(ISBLANK($E14)),1,0)+((($E14>$G14)*(M14>O14))+(($E14<$G14)*(M14<O14))+(($E14=$G14)*(M14=O14)))-ISBLANK($E14)*(M14=O14)+(($E14-$G14)=(M14-O14))))) | T14: : | V14: =IF(ISBLANK($E14),"",(IF(ISBLANK(S14),0,IF((($E14=S14)*($G14=U14))*NOT(ISBLANK($E14)),1,0)+((($E14>$G14)*(S14>U14))+(($E14<$G14)*(S14<U14))+(($E14=$G14)*(S14=U14)))-ISBLANK($E14)*(S14=U14)+(($E14-$G14)=(S14-U14))))) | Z14: : | AB14: =IF(ISBLANK($E14),"",(IF(ISBLANK(Y14),0,IF((($E14=Y14)*($G14=AA14))*NOT(ISBLANK($E14)),1,0)+((($E14>$G14)*(Y14>AA14))+(($E14<$G14)*(Y14<AA14))+(($E14=$G14)*(Y14=AA14)))-ISBLANK($E14)*(Y14=AA14)+(($E14-$G14)=(Y14-AA14))))) | AF14: : | AH14: =IF(ISBLANK($E14),"",(IF(ISBLANK(AE14),0,IF((($E14=AE14)*($G14=AG14))*NOT(ISBLANK($E14)),1,0)+((($E14>$G14)*(AE14>AG14))+(($E14<$G14)*(AE14<AG14))+(($E14=$G14)*(AE14=AG14)))-ISBLANK($E14)*(AE14=AG14)+(($E14-$G14)=(AE14-AG14))))) | AL14: : | AN14: =IF(ISBLANK($E14),"",(IF(ISBLANK(AK14),0,IF((($E14=AK14)*($G14=AM14))*NOT(ISBLANK($E14)),1,0)+((($E14>$G14)*(AK14>AM14))+(($E14<$G14)*(AK14<AM14))+(($E14=$G14)*(AK14=AM14)))-ISBLANK($E14)*(AK14=AM14)+(($E14-$G14)=(AK14-AM14))))) | AR14: : | AT14: =IF(ISBLANK($E14),"",(IF(ISBLANK(AQ14),0,IF((($E14=AQ14)*($G14=AS14))*NOT(ISBLANK($E14)),1,0)+((($E14>$G14)*(AQ14>AS14))+(($E14<$G14)*(AQ14<AS14))+(($E14=$G14)*(AQ14=AS14)))-ISBLANK($E14)*(AQ14=AS14)+(($E14-$G14)=(AQ14-AS14))))) | AX14: : | AZ14: =IF(ISBLANK($E14),"",(IF(ISBLANK(AW14),0,IF((($E14=AW14)*($G14=AY14))*NOT(ISBLANK($E14)),1,0)+((($E14>$G14)*(AW14>AY14))+(($E14<$G14)*(AW14<AY14))+(($E14=$G14)*(AW14=AY14)))-ISBLANK($E14)*(AW14=AY14)+(($E14-$G14)=(AW14-AY14))))) | BD14: : | BF14: =IF(ISBLANK($E14),"",(IF(ISBLANK(BC14),0,IF((($E14=BC14)*($G14=BE14))*NOT(ISBLANK($E14)),1,0)+((($E14>$G14)*(BC14>BE14))+(($E14<$G14)*(BC14<BE14))+(($E14=$G14)*(BC14=BE14)))-ISBLANK($E14)*(BC14=BE14)+(($E14-$G14)=(BC14-BE14))))) | BJ14: : | BL14: =IF(ISBLANK($E14),"",(IF(ISBLANK(BI14),0,IF((($E14=BI14)*($G14=BK14))*NOT(ISBLANK($E14)),1,0)+((($E14>$G14)*(BI14>BK14))+(($E14<$G14)*(BI14<BK14))+(($E14=$G14)*(BI14=BK14)))-ISBLANK($E14)*(BI14=BK14)+(($E14-$G14)=(BI14-BK14))))) | BP14: : | BR14: =IF(ISBLANK($E14),"",(IF(ISBLANK(BO14),0,IF((($E14=BO14)*($G14=BQ14))*NOT(ISBLANK($E14)),1,0)+((($E14>$G14)*(BO14>BQ14))+(($E14<$G14)*(BO14<BQ14))+(($E14=$G14)*(BO14=BQ14)))-ISBLANK($E14)*(BO14=BQ14)+(($E14-$G14)=(BO14-BQ14))))) | BV14: : | BX14: =IF(ISBLANK($E14),"",(IF(ISBLANK(BU14),0,IF((($E14=BU14)*($G14=BW14))*NOT(ISBLANK($E14)),1,0)+((($E14>$G14)*(BU14>BW14))+(($E14<$G14)*(BU14<BW14))+(($E14=$G14)*(BU14=BW14)))-ISBLANK($E14)*(BU14=BW14)+(($E14-$G14)=(BU14-BW14))))) | CB14: : | CD14: =IF(ISBLANK($E14),"",(IF(ISBLANK(CA14),0,IF((($E14=CA14)*($G14=CC14))*NOT(ISBLANK($E14)),1,0)+((($E14>$G14)*(CA14>CC14))+(($E14<$G14)*(CA14<CC14))+(($E14=$G14)*(CA14=CC14)))-ISBLANK($E14)*(CA14=CC14)+(($E14-$G14)=(CA14-CC14))))) | CH14: : | CJ14: =IF(ISBLANK($E14),"",(IF(ISBLANK(CG14),0,IF((($E14=CG14)*($G14=CI14))*NOT(ISBLANK($E14)),1,0)+((($E14>$G14)*(CG14>CI14))+(($E14<$G14)*(CG14<CI14))+(($E14=$G14)*(CG14=CI14)))-ISBLANK($E14)*(CG14=CI14)+(($E14-$G14)=(CG14-CI14))))) | CN14: : | CP14: =IF(ISBLANK($E14),"",(IF(ISBLANK(CM14),0,IF((($E14=CM14)*($G14=CO14))*NOT(ISBLANK($E14)),1,0)+((($E14>$G14)*(CM14>CO14))+(($E14<$G14)*(CM14<CO14))+(($E14=$G14)*(CM14=CO14)))-ISBLANK($E14)*(CM14=CO14)+(($E14-$G14)=(CM14-CO14))))) | CT14: : | CV14: =IF(ISBLANK($E14),"",(IF(ISBLANK(CS14),0,IF((($E14=CS14)*($G14=CU14))*NOT(ISBLANK($E14)),1,0)+((($E14>$G14)*(CS14>CU14))+(($E14<$G14)*(CS14<CU14))+(($E14=$G14)*(CS14=CU14)))-ISBLANK($E14)*(CS14=CU14)+(($E14-$G14)=(CS14-CU14))))) | CZ14: : | DB14: =IF(ISBLANK($E14),"",(IF(ISBLANK(CY14),0,IF((($E14=CY14)*($G14=DA14))*NOT(ISBLANK($E14)),1,0)+((($E14>$G14)*(CY14>DA14))+(($E14<$G14)*(CY14<DA14))+(($E14=$G14)*(CY14=DA14)))-ISBLANK($E14)*(CY14=DA14)+(($E14-$G14)=(CY14-DA14))))) | DF14: : | DH14: =IF(ISBLANK($E14),"",(IF(ISBLANK(DE14),0,IF((($E14=DE14)*($G14=DG14))*NOT(ISBLANK($E14)),1,0)+((($E14>$G14)*(DE14>DG14))+(($E14<$G14)*(DE14<DG14))+(($E14=$G14)*(DE14=DG14)))-ISBLANK($E14)*(DE14=DG14)+(($E14-$G14)=(DE14-DG14))))) | DL14: : | DN14: =IF(ISBLANK($E14),"",(IF(ISBLANK(DK14),0,IF((($E14=DK14)*($G14=DM14))*NOT(ISBLANK($E14)),1,0)+((($E14>$G14)*(DK14>DM14))+(($E14<$G14)*(DK14<DM14))+(($E14=$G14)*(DK14=DM14)))-ISBLANK($E14)*(DK14=DM14)+(($E14-$G14)=(DK14-DM14))))) | DR14: : | DT14: =IF(ISBLANK($E14),"",(IF(ISBLANK(DQ14),0,IF((($E14=DQ14)*($G14=DS14))*NOT(ISBLANK($E14)),1,0)+((($E14>$G14)*(DQ14>DS14))+(($E14<$G14)*(DQ14<DS14))+(($E14=$G14)*(DQ14=DS14)))-ISBLANK($E14)*(DQ14=DS14)+(($E14-$G14)=(DQ14-DS14))))) | DX14: : | DZ14: =IF(ISBLANK($E14),"",(IF(ISBLANK(DW14),0,IF((($E14=DW14)*($G14=DY14))*NOT(ISBLANK($E14)),1,0)+((($E14>$G14)*(DW14>DY14))+(($E14<$G14)*(DW14<DY14))+(($E14=$G14)*(DW14=DY14)))-ISBLANK($E14)*(DW14=DY14)+(($E14-$G14)=(DW14-DY14))))) | ED14: : | EF14: =IF(ISBLANK($E14),"",(IF(ISBLANK(EC14),0,IF((($E14=EC14)*($G14=EE14))*NOT(ISBLANK($E14)),1,0)+((($E14>$G14)*(EC14>EE14))+(($E14<$G14)*(EC14<EE14))+(($E14=$G14)*(EC14=EE14)))-ISBLANK($E14)*(EC14=EE14)+(($E14-$G14)=(EC14-EE14))))) | EJ14: : | EL14: =IF(ISBLANK($E14),"",(IF(ISBLANK(EI14),0,IF((($E14=EI14)*($G14=EK14))*NOT(ISBLANK($E14)),1,0)+((($E14>$G14)*(EI14>EK14))+(($E14<$G14)*(EI14<EK14))+(($E14=$G14)*(EI14=EK14)))-ISBLANK($E14)*(EI14=EK14)+(($E14-$G14)=(EI14-EK14))))) | EP14: : | ER14: =IF(ISBLANK($E14),"",(IF(ISBLANK(EO14),0,IF((($E14=EO14)*($G14=EQ14))*NOT(ISBLANK($E14)),1,0)+((($E14>$G14)*(EO14>EQ14))+(($E14<$G14)*(EO14<EQ14))+(($E14=$G14)*(EO14=EQ14)))-ISBLANK($E14)*(EO14=EQ14)+(($E14-$G14)=(EO14-EQ14))))) | EV14: : | EX14: =IF(ISBLANK($E14),"",(IF(ISBLANK(EU14),0,IF((($E14=EU14)*($G14=EW14))*NOT(ISBLANK($E14)),1,0)+((($E14>$G14)*(EU14>EW14))+(($E14<$G14)*(EU14<EW14))+(($E14=$G14)*(EU14=EW14)))-ISBLANK($E14)*(EU14=EW14)+(($E14-$G14)=(EU14-EW14))))) | FB14: : | FD14: =IF(ISBLANK($E14),"",(IF(ISBLANK(FA14),0,IF((($E14=FA14)*($G14=FC14))*NOT(ISBLANK($E14)),1,0)+((($E14>$G14)*(FA14>FC14))+(($E14<$G14)*(FA14<FC14))+(($E14=$G14)*(FA14=FC14)))-ISBLANK($E14)*(FA14=FC14)+(($E14-$G14)=(FA14-FC14))))) | FH14: : | FJ14: =IF(ISBLANK($E14),"",(IF(ISBLANK(FG14),0,IF((($E14=FG14)*($G14=FI14))*NOT(ISBLANK($E14)),1,0)+((($E14>$G14)*(FG14>FI14))+(($E14<$G14)*(FG14<FI14))+(($E14=$G14)*(FG14=FI14)))-ISBLANK($E14)*(FG14=FI14)+(($E14-$G14)=(FG14-FI14))))) | FN14: : | FP14: =IF(ISBLANK($E14),"",(IF(ISBLANK(FM14),0,IF((($E14=FM14)*($G14=FO14))*NOT(ISBLANK($E14)),1,0)+((($E14>$G14)*(FM14>FO14))+(($E14<$G14)*(FM14<FO14))+(($E14=$G14)*(FM14=FO14)))-ISBLANK($E14)*(FM14=FO14)+(($E14-$G14)=(FM14-FO14))))) | FT14: : | FV14: =IF(ISBLANK($E14),"",(IF(ISBLANK(FS14),0,IF((($E14=FS14)*($G14=FU14))*NOT(ISBLANK($E14)),1,0)+((($E14>$G14)*(FS14>FU14))+(($E14<$G14)*(FS14<FU14))+(($E14=$G14)*(FS14=FU14)))-ISBLANK($E14)*(FS14=FU14)+(($E14-$G14)=(FS14-FU14))))) | FZ14: : | GB14: =IF(ISBLANK($E14),"",(IF(ISBLANK(FY14),0,IF((($E14=FY14)*($G14=GA14))*NOT(ISBLANK($E14)),1,0)+((($E14>$G14)*(FY14>GA14))+(($E14<$G14)*(FY14<GA14))+(($E14=$G14)*(FY14=GA14)))-ISBLANK($E14)*(FY14=GA14)+(($E14-$G14)=(FY14-GA14))))) | GF14: : | GH14: =IF(ISBLANK($E14),"",(IF(ISBLANK(GE14),0,IF((($E14=GE14)*($G14=GG14))*NOT(ISBLANK($E14)),1,0)+((($E14>$G14)*(GE14>GG14))+(($E14<$G14)*(GE14<GG14))+(($E14=$G14)*(GE14=GG14)))-ISBLANK($E14)*(GE14=GG14)+(($E14-$G14)=(GE14-GG14))))) | GL14: : | GN14: =IF(ISBLANK($E14),"",(IF(ISBLANK(GK14),0,IF((($E14=GK14)*($G14=GM14))*NOT(ISBLANK($E14)),1,0)+((($E14>$G14)*(GK14>GM14))+(($E14<$G14)*(GK14<GM14))+(($E14=$G14)*(GK14=GM14)))-ISBLANK($E14)*(GK14=GM14)+(($E14-$G14)=(GK14-GM14))))) | GR14: : | GT14: =IF(ISBLANK($E14),"",(IF(ISBLANK(GQ14),0,IF((($E14=GQ14)*($G14=GS14))*NOT(ISBLANK($E14)),1,0)+((($E14>$G14)*(GQ14>GS14))+(($E14<$G14)*(GQ14<GS14))+(($E14=$G14)*(GQ14=GS14)))-ISBLANK($E14)*(GQ14=GS14)+(($E14-$G14)=(GQ14-GS14)))))
B17: 2. Liga | D17: 34. Spieltag | E17: Ergeb. | M17: Tipp | P17: Pkt. | S17: Tipp | V17: Pkt. | Y17: Tipp | AB17: Pkt. | AE17: Tipp | AH17: Pkt. | AK17: Tipp | AN17: Pkt. | AQ17: Tipp | AT17: Pkt. | AW17: Tipp | AZ17: Pkt. | BC17: Tipp | BF17: Pkt. | BI17: Tipp | BL17: Pkt. | BO17: Tipp | BR17: Pkt. | BU17: Tipp | BX17: Pkt. | CA17: Tipp | CD17: Pkt. | CG17: Tipp | CJ17: Pkt. | CM17: Tipp | CP17: Pkt. | CS17: Tipp | CV17: Pkt. | CY17: Tipp | DB17: Pkt. | DE17: Tipp | DH17: Pkt. | DK17: Tipp | DN17: Pkt. | DQ17: Tipp | DT17: Pkt. | DW17: Tipp | DZ17: Pkt. | EC17: Tipp | EF17: Pkt. | EI17: Tipp | EL17: Pkt. | EO17: Tipp | ER17: Pkt. | EU17: Tipp | EX17: Pkt. | FA17: Tipp | FD17: Pkt. | FG17: Tipp | FJ17: Pkt. | FM17: Tipp | FP17: Pkt. | FS17: Tipp | FV17: Pkt. | FY17: Tipp | GB17: Pkt. | GE17: Tipp | GH17: Pkt. | GK17: Tipp | GN17: Pkt. | GQ17: Tipp | GT17: Pkt.
C18: : | F18: : | I18: =COUNTIF(P18,3)+COUNTIF(V18,3)+COUNTIF(AB18,3)+COUNTIF(AH18,3)+COUNTIF(AN18,3)+COUNTIF(AT18,3)+COUNTIF(AZ18,3)+COUNTIF(BF18,3)+COUNTIF(BL18,3)+COUNTIF(BR18,3)+COUNTIF(BX18,3)+COUNTIF(CD18,3)+COUNTIF(CJ18,3)+COUNTIF(CP18,3)+COUNTIF(CV18,3)+COUNTIF(DB18,3)+COUNTIF(DH18,3)+COUNTIF(DN18,3)+COUNTIF(DT18,3)+COUNTIF(DZ18,3)+COUNTIF(EF18,3)+COUNTIF(EL18,3)+COUNTIF(ER18,3)+COUNTIF(EX18,3)+COUNTIF(FD18,3)+COUNTIF(FJ18,3)+COUNTIF(FP18,3)+COUNTIF(FV18,3)+COUNTIF(GB18,3)+COUNTIF(GH18,3)+COUNTIF(GN18,3)+COUNTIF(GT18,3) | J18: =COUNTIF(P18,2)+COUNTIF(V18,2)+COUNTIF(AB18,2)+COUNTIF(AH18,2)+COUNTIF(AN18,2)+COUNTIF(AT18,2)+COUNTIF(AZ18,2)+COUNTIF(BF18,2)+COUNTIF(BL18,2)+COUNTIF(BR18,2)+COUNTIF(BX18,2)+COUNTIF(CD18,2)+COUNTIF(CJ18,2)+COUNTIF(CP18,2)+COUNTIF(CV18,2)+COUNTIF(DB18,2)+COUNTIF(DH18,2)+COUNTIF(DN18,2)+COUNTIF(DT18,2)+COUNTIF(DZ18,2)+COUNTIF(EF18,2)+COUNTIF(EL18,2)+COUNTIF(ER18,2)+COUNTIF(EX18,2)+COUNTIF(FD18,2)+COUNTIF(FJ18,2)+COUNTIF(FP18,2)+COUNTIF(FV18,2)+COUNTIF(GB18,2)+COUNTIF(GH18,2)+COUNTIF(GN18,2)+COUNTIF(GT18,2) | K18: =COUNTIF(P18,1)+COUNTIF(V18,1)+COUNTIF(AB18,1)+COUNTIF(AH18,1)+COUNTIF(AN18,1)+COUNTIF(AT18,1)+COUNTIF(AZ18,1)+COUNTIF(BF18,1)+COUNTIF(BL18,1)+COUNTIF(BR18,1)+COUNTIF(BX18,1)+COUNTIF(CD18,1)+COUNTIF(CJ18,1)+COUNTIF(CP18,1)+COUNTIF(CV18,1)+COUNTIF(DB18,1)+COUNTIF(DH18,1)+COUNTIF(DN18,1)+COUNTIF(DT18,1)+COUNTIF(DZ18,1)+COUNTIF(EF18,1)+COUNTIF(EL18,1)+COUNTIF(ER18,1)+COUNTIF(EX18,1)+COUNTIF(FD18,1)+COUNTIF(FJ18,1)+COUNTIF(FP18,1)+COUNTIF(FV18,1)+COUNTIF(GB18,1)+COUNTIF(GH18,1)+COUNTIF(GN18,1)+COUNTIF(GT18,1) | N18: : | P18: =IF(ISBLANK($E18),"",(IF(ISBLANK(M18),0,IF((($E18=M18)*($G18=O18))*NOT(ISBLANK($E18)),1,0)+((($E18>$G18)*(M18>O18))+(($E18<$G18)*(M18<O18))+(($E18=$G18)*(M18=O18)))-ISBLANK($E18)*(M18=O18)+(($E18-$G18)=(M18-O18))))) | T18: : | V18: =IF(ISBLANK($E18),"",(IF(ISBLANK(S18),0,IF((($E18=S18)*($G18=U18))*NOT(ISBLANK($E18)),1,0)+((($E18>$G18)*(S18>U18))+(($E18<$G18)*(S18<U18))+(($E18=$G18)*(S18=U18)))-ISBLANK($E18)*(S18=U18)+(($E18-$G18)=(S18-U18))))) | Z18: : | AB18: =IF(ISBLANK($E18),"",(IF(ISBLANK(Y18),0,IF((($E18=Y18)*($G18=AA18))*NOT(ISBLANK($E18)),1,0)+((($E18>$G18)*(Y18>AA18))+(($E18<$G18)*(Y18<AA18))+(($E18=$G18)*(Y18=AA18)))-ISBLANK($E18)*(Y18=AA18)+(($E18-$G18)=(Y18-AA18))))) | AF18: : | AH18: =IF(ISBLANK($E18),"",(IF(ISBLANK(AE18),0,IF((($E18=AE18)*($G18=AG18))*NOT(ISBLANK($E18)),1,0)+((($E18>$G18)*(AE18>AG18))+(($E18<$G18)*(AE18<AG18))+(($E18=$G18)*(AE18=AG18)))-ISBLANK($E18)*(AE18=AG18)+(($E18-$G18)=(AE18-AG18))))) | AL18: : | AN18: =IF(ISBLANK($E18),"",(IF(ISBLANK(AK18),0,IF((($E18=AK18)*($G18=AM18))*NOT(ISBLANK($E18)),1,0)+((($E18>$G18)*(AK18>AM18))+(($E18<$G18)*(AK18<AM18))+(($E18=$G18)*(AK18=AM18)))-ISBLANK($E18)*(AK18=AM18)+(($E18-$G18)=(AK18-AM18))))) | AR18: : | AT18: =IF(ISBLANK($E18),"",(IF(ISBLANK(AQ18),0,IF((($E18=AQ18)*($G18=AS18))*NOT(ISBLANK($E18)),1,0)+((($E18>$G18)*(AQ18>AS18))+(($E18<$G18)*(AQ18<AS18))+(($E18=$G18)*(AQ18=AS18)))-ISBLANK($E18)*(AQ18=AS18)+(($E18-$G18)=(AQ18-AS18))))) | AX18: : | AZ18: =IF(ISBLANK($E18),"",(IF(ISBLANK(AW18),0,IF((($E18=AW18)*($G18=AY18))*NOT(ISBLANK($E18)),1,0)+((($E18>$G18)*(AW18>AY18))+(($E18<$G18)*(AW18<AY18))+(($E18=$G18)*(AW18=AY18)))-ISBLANK($E18)*(AW18=AY18)+(($E18-$G18)=(AW18-AY18))))) | BD18: : | BF18: =IF(ISBLANK($E18),"",(IF(ISBLANK(BC18),0,IF((($E18=BC18)*($G18=BE18))*NOT(ISBLANK($E18)),1,0)+((($E18>$G18)*(BC18>BE18))+(($E18<$G18)*(BC18<BE18))+(($E18=$G18)*(BC18=BE18)))-ISBLANK($E18)*(BC18=BE18)+(($E18-$G18)=(BC18-BE18))))) | BJ18: : | BL18: =IF(ISBLANK($E18),"",(IF(ISBLANK(BI18),0,IF((($E18=BI18)*($G18=BK18))*NOT(ISBLANK($E18)),1,0)+((($E18>$G18)*(BI18>BK18))+(($E18<$G18)*(BI18<BK18))+(($E18=$G18)*(BI18=BK18)))-ISBLANK($E18)*(BI18=BK18)+(($E18-$G18)=(BI18-BK18))))) | BP18: : | BR18: =IF(ISBLANK($E18),"",(IF(ISBLANK(BO18),0,IF((($E18=BO18)*($G18=BQ18))*NOT(ISBLANK($E18)),1,0)+((($E18>$G18)*(BO18>BQ18))+(($E18<$G18)*(BO18<BQ18))+(($E18=$G18)*(BO18=BQ18)))-ISBLANK($E18)*(BO18=BQ18)+(($E18-$G18)=(BO18-BQ18))))) | BV18: : | BX18: =IF(ISBLANK($E18),"",(IF(ISBLANK(BU18),0,IF((($E18=BU18)*($G18=BW18))*NOT(ISBLANK($E18)),1,0)+((($E18>$G18)*(BU18>BW18))+(($E18<$G18)*(BU18<BW18))+(($E18=$G18)*(BU18=BW18)))-ISBLANK($E18)*(BU18=BW18)+(($E18-$G18)=(BU18-BW18))))) | CB18: : | CD18: =IF(ISBLANK($E18),"",(IF(ISBLANK(CA18),0,IF((($E18=CA18)*($G18=CC18))*NOT(ISBLANK($E18)),1,0)+((($E18>$G18)*(CA18>CC18))+(($E18<$G18)*(CA18<CC18))+(($E18=$G18)*(CA18=CC18)))-ISBLANK($E18)*(CA18=CC18)+(($E18-$G18)=(CA18-CC18))))) | CH18: : | CJ18: =IF(ISBLANK($E18),"",(IF(ISBLANK(CG18),0,IF((($E18=CG18)*($G18=CI18))*NOT(ISBLANK($E18)),1,0)+((($E18>$G18)*(CG18>CI18))+(($E18<$G18)*(CG18<CI18))+(($E18=$G18)*(CG18=CI18)))-ISBLANK($E18)*(CG18=CI18)+(($E18-$G18)=(CG18-CI18))))) | CN18: : | CP18: =IF(ISBLANK($E18),"",(IF(ISBLANK(CM18),0,IF((($E18=CM18)*($G18=CO18))*NOT(ISBLANK($E18)),1,0)+((($E18>$G18)*(CM18>CO18))+(($E18<$G18)*(CM18<CO18))+(($E18=$G18)*(CM18=CO18)))-ISBLANK($E18)*(CM18=CO18)+(($E18-$G18)=(CM18-CO18))))) | CT18: : | CV18: =IF(ISBLANK($E18),"",(IF(ISBLANK(CS18),0,IF((($E18=CS18)*($G18=CU18))*NOT(ISBLANK($E18)),1,0)+((($E18>$G18)*(CS18>CU18))+(($E18<$G18)*(CS18<CU18))+(($E18=$G18)*(CS18=CU18)))-ISBLANK($E18)*(CS18=CU18)+(($E18-$G18)=(CS18-CU18))))) | CZ18: : | DB18: =IF(ISBLANK($E18),"",(IF(ISBLANK(CY18),0,IF((($E18=CY18)*($G18=DA18))*NOT(ISBLANK($E18)),1,0)+((($E18>$G18)*(CY18>DA18))+(($E18<$G18)*(CY18<DA18))+(($E18=$G18)*(CY18=DA18)))-ISBLANK($E18)*(CY18=DA18)+(($E18-$G18)=(CY18-DA18))))) | DF18: : | DH18: =IF(ISBLANK($E18),"",(IF(ISBLANK(DE18),0,IF((($E18=DE18)*($G18=DG18))*NOT(ISBLANK($E18)),1,0)+((($E18>$G18)*(DE18>DG18))+(($E18<$G18)*(DE18<DG18))+(($E18=$G18)*(DE18=DG18)))-ISBLANK($E18)*(DE18=DG18)+(($E18-$G18)=(DE18-DG18))))) | DL18: : | DN18: =IF(ISBLANK($E18),"",(IF(ISBLANK(DK18),0,IF((($E18=DK18)*($G18=DM18))*NOT(ISBLANK($E18)),1,0)+((($E18>$G18)*(DK18>DM18))+(($E18<$G18)*(DK18<DM18))+(($E18=$G18)*(DK18=DM18)))-ISBLANK($E18)*(DK18=DM18)+(($E18-$G18)=(DK18-DM18))))) | DR18: : | DT18: =IF(ISBLANK($E18),"",(IF(ISBLANK(DQ18),0,IF((($E18=DQ18)*($G18=DS18))*NOT(ISBLANK($E18)),1,0)+((($E18>$G18)*(DQ18>DS18))+(($E18<$G18)*(DQ18<DS18))+(($E18=$G18)*(DQ18=DS18)))-ISBLANK($E18)*(DQ18=DS18)+(($E18-$G18)=(DQ18-DS18))))) | DX18: : | DZ18: =IF(ISBLANK($E18),"",(IF(ISBLANK(DW18),0,IF((($E18=DW18)*($G18=DY18))*NOT(ISBLANK($E18)),1,0)+((($E18>$G18)*(DW18>DY18))+(($E18<$G18)*(DW18<DY18))+(($E18=$G18)*(DW18=DY18)))-ISBLANK($E18)*(DW18=DY18)+(($E18-$G18)=(DW18-DY18))))) | ED18: : | EF18: =IF(ISBLANK($E18),"",(IF(ISBLANK(EC18),0,IF((($E18=EC18)*($G18=EE18))*NOT(ISBLANK($E18)),1,0)+((($E18>$G18)*(EC18>EE18))+(($E18<$G18)*(EC18<EE18))+(($E18=$G18)*(EC18=EE18)))-ISBLANK($E18)*(EC18=EE18)+(($E18-$G18)=(EC18-EE18))))) | EJ18: : | EL18: =IF(ISBLANK($E18),"",(IF(ISBLANK(EI18),0,IF((($E18=EI18)*($G18=EK18))*NOT(ISBLANK($E18)),1,0)+((($E18>$G18)*(EI18>EK18))+(($E18<$G18)*(EI18<EK18))+(($E18=$G18)*(EI18=EK18)))-ISBLANK($E18)*(EI18=EK18)+(($E18-$G18)=(EI18-EK18))))) | EP18: : | ER18: =IF(ISBLANK($E18),"",(IF(ISBLANK(EO18),0,IF((($E18=EO18)*($G18=EQ18))*NOT(ISBLANK($E18)),1,0)+((($E18>$G18)*(EO18>EQ18))+(($E18<$G18)*(EO18<EQ18))+(($E18=$G18)*(EO18=EQ18)))-ISBLANK($E18)*(EO18=EQ18)+(($E18-$G18)=(EO18-EQ18))))) | EV18: : | EX18: =IF(ISBLANK($E18),"",(IF(ISBLANK(EU18),0,IF((($E18=EU18)*($G18=EW18))*NOT(ISBLANK($E18)),1,0)+((($E18>$G18)*(EU18>EW18))+(($E18<$G18)*(EU18<EW18))+(($E18=$G18)*(EU18=EW18)))-ISBLANK($E18)*(EU18=EW18)+(($E18-$G18)=(EU18-EW18))))) | FB18: : | FD18: =IF(ISBLANK($E18),"",(IF(ISBLANK(FA18),0,IF((($E18=FA18)*($G18=FC18))*NOT(ISBLANK($E18)),1,0)+((($E18>$G18)*(FA18>FC18))+(($E18<$G18)*(FA18<FC18))+(($E18=$G18)*(FA18=FC18)))-ISBLANK($E18)*(FA18=FC18)+(($E18-$G18)=(FA18-FC18))))) | FH18: : | FJ18: =IF(ISBLANK($E18),"",(IF(ISBLANK(FG18),0,IF((($E18=FG18)*($G18=FI18))*NOT(ISBLANK($E18)),1,0)+((($E18>$G18)*(FG18>FI18))+(($E18<$G18)*(FG18<FI18))+(($E18=$G18)*(FG18=FI18)))-ISBLANK($E18)*(FG18=FI18)+(($E18-$G18)=(FG18-FI18))))) | FN18: : | FP18: =IF(ISBLANK($E18),"",(IF(ISBLANK(FM18),0,IF((($E18=FM18)*($G18=FO18))*NOT(ISBLANK($E18)),1,0)+((($E18>$G18)*(FM18>FO18))+(($E18<$G18)*(FM18<FO18))+(($E18=$G18)*(FM18=FO18)))-ISBLANK($E18)*(FM18=FO18)+(($E18-$G18)=(FM18-FO18))))) | FT18: : | FV18: =IF(ISBLANK($E18),"",(IF(ISBLANK(FS18),0,IF((($E18=FS18)*($G18=FU18))*NOT(ISBLANK($E18)),1,0)+((($E18>$G18)*(FS18>FU18))+(($E18<$G18)*(FS18<FU18))+(($E18=$G18)*(FS18=FU18)))-ISBLANK($E18)*(FS18=FU18)+(($E18-$G18)=(FS18-FU18))))) | FZ18: : | GB18: =IF(ISBLANK($E18),"",(IF(ISBLANK(FY18),0,IF((($E18=FY18)*($G18=GA18))*NOT(ISBLANK($E18)),1,0)+((($E18>$G18)*(FY18>GA18))+(($E18<$G18)*(FY18<GA18))+(($E18=$G18)*(FY18=GA18)))-ISBLANK($E18)*(FY18=GA18)+(($E18-$G18)=(FY18-GA18))))) | GF18: : | GH18: =IF(ISBLANK($E18),"",(IF(ISBLANK(GE18),0,IF((($E18=GE18)*($G18=GG18))*NOT(ISBLANK($E18)),1,0)+((($E18>$G18)*(GE18>GG18))+(($E18<$G18)*(GE18<GG18))+(($E18=$G18)*(GE18=GG18)))-ISBLANK($E18)*(GE18=GG18)+(($E18-$G18)=(GE18-GG18))))) | GL18: : | GN18: =IF(ISBLANK($E18),"",(IF(ISBLANK(GK18),0,IF((($E18=GK18)*($G18=GM18))*NOT(ISBLANK($E18)),1,0)+((($E18>$G18)*(GK18>GM18))+(($E18<$G18)*(GK18<GM18))+(($E18=$G18)*(GK18=GM18)))-ISBLANK($E18)*(GK18=GM18)+(($E18-$G18)=(GK18-GM18))))) | GR18: : | GT18: =IF(ISBLANK($E18),"",(IF(ISBLANK(GQ18),0,IF((($E18=GQ18)*($G18=GS18))*NOT(ISBLANK($E18)),1,0)+((($E18>$G18)*(GQ18>GS18))+(($E18<$G18)*(GQ18<GS18))+(($E18=$G18)*(GQ18=GS18)))-ISBLANK($E18)*(GQ18=GS18)+(($E18-$G18)=(GQ18-GS18)))))
C19: : | F19: : | I19: =COUNTIF(P19,3)+COUNTIF(V19,3)+COUNTIF(AB19,3)+COUNTIF(AH19,3)+COUNTIF(AN19,3)+COUNTIF(AT19,3)+COUNTIF(AZ19,3)+COUNTIF(BF19,3)+COUNTIF(BL19,3)+COUNTIF(BR19,3)+COUNTIF(BX19,3)+COUNTIF(CD19,3)+COUNTIF(CJ19,3)+COUNTIF(CP19,3)+COUNTIF(CV19,3)+COUNTIF(DB19,3)+COUNTIF(DH19,3)+COUNTIF(DN19,3)+COUNTIF(DT19,3)+COUNTIF(DZ19,3)+COUNTIF(EF19,3)+COUNTIF(EL19,3)+COUNTIF(ER19,3)+COUNTIF(EX19,3)+COUNTIF(FD19,3)+COUNTIF(FJ19,3)+COUNTIF(FP19,3)+COUNTIF(FV19,3)+COUNTIF(GB19,3)+COUNTIF(GH19,3)+COUNTIF(GN19,3)+COUNTIF(GT19,3) | J19: =COUNTIF(P19,2)+COUNTIF(V19,2)+COUNTIF(AB19,2)+COUNTIF(AH19,2)+COUNTIF(AN19,2)+COUNTIF(AT19,2)+COUNTIF(AZ19,2)+COUNTIF(BF19,2)+COUNTIF(BL19,2)+COUNTIF(BR19,2)+COUNTIF(BX19,2)+COUNTIF(CD19,2)+COUNTIF(CJ19,2)+COUNTIF(CP19,2)+COUNTIF(CV19,2)+COUNTIF(DB19,2)+COUNTIF(DH19,2)+COUNTIF(DN19,2)+COUNTIF(DT19,2)+COUNTIF(DZ19,2)+COUNTIF(EF19,2)+COUNTIF(EL19,2)+COUNTIF(ER19,2)+COUNTIF(EX19,2)+COUNTIF(FD19,2)+COUNTIF(FJ19,2)+COUNTIF(FP19,2)+COUNTIF(FV19,2)+COUNTIF(GB19,2)+COUNTIF(GH19,2)+COUNTIF(GN19,2)+COUNTIF(GT19,2) | K19: =COUNTIF(P19,1)+COUNTIF(V19,1)+COUNTIF(AB19,1)+COUNTIF(AH19,1)+COUNTIF(AN19,1)+COUNTIF(AT19,1)+COUNTIF(AZ19,1)+COUNTIF(BF19,1)+COUNTIF(BL19,1)+COUNTIF(BR19,1)+COUNTIF(BX19,1)+COUNTIF(CD19,1)+COUNTIF(CJ19,1)+COUNTIF(CP19,1)+COUNTIF(CV19,1)+COUNTIF(DB19,1)+COUNTIF(DH19,1)+COUNTIF(DN19,1)+COUNTIF(DT19,1)+COUNTIF(DZ19,1)+COUNTIF(EF19,1)+COUNTIF(EL19,1)+COUNTIF(ER19,1)+COUNTIF(EX19,1)+COUNTIF(FD19,1)+COUNTIF(FJ19,1)+COUNTIF(FP19,1)+COUNTIF(FV19,1)+COUNTIF(GB19,1)+COUNTIF(GH19,1)+COUNTIF(GN19,1)+COUNTIF(GT19,1) | N19: : | P19: =IF(ISBLANK($E19),"",(IF(ISBLANK(M19),0,IF((($E19=M19)*($G19=O19))*NOT(ISBLANK($E19)),1,0)+((($E19>$G19)*(M19>O19))+(($E19<$G19)*(M19<O19))+(($E19=$G19)*(M19=O19)))-ISBLANK($E19)*(M19=O19)+(($E19-$G19)=(M19-O19))))) | T19: : | V19: =IF(ISBLANK($E19),"",(IF(ISBLANK(S19),0,IF((($E19=S19)*($G19=U19))*NOT(ISBLANK($E19)),1,0)+((($E19>$G19)*(S19>U19))+(($E19<$G19)*(S19<U19))+(($E19=$G19)*(S19=U19)))-ISBLANK($E19)*(S19=U19)+(($E19-$G19)=(S19-U19))))) | Z19: : | AB19: =IF(ISBLANK($E19),"",(IF(ISBLANK(Y19),0,IF((($E19=Y19)*($G19=AA19))*NOT(ISBLANK($E19)),1,0)+((($E19>$G19)*(Y19>AA19))+(($E19<$G19)*(Y19<AA19))+(($E19=$G19)*(Y19=AA19)))-ISBLANK($E19)*(Y19=AA19)+(($E19-$G19)=(Y19-AA19))))) | AF19: : | AH19: =IF(ISBLANK($E19),"",(IF(ISBLANK(AE19),0,IF((($E19=AE19)*($G19=AG19))*NOT(ISBLANK($E19)),1,0)+((($E19>$G19)*(AE19>AG19))+(($E19<$G19)*(AE19<AG19))+(($E19=$G19)*(AE19=AG19)))-ISBLANK($E19)*(AE19=AG19)+(($E19-$G19)=(AE19-AG19))))) | AL19: : | AN19: =IF(ISBLANK($E19),"",(IF(ISBLANK(AK19),0,IF((($E19=AK19)*($G19=AM19))*NOT(ISBLANK($E19)),1,0)+((($E19>$G19)*(AK19>AM19))+(($E19<$G19)*(AK19<AM19))+(($E19=$G19)*(AK19=AM19)))-ISBLANK($E19)*(AK19=AM19)+(($E19-$G19)=(AK19-AM19))))) | AR19: : | AT19: =IF(ISBLANK($E19),"",(IF(ISBLANK(AQ19),0,IF((($E19=AQ19)*($G19=AS19))*NOT(ISBLANK($E19)),1,0)+((($E19>$G19)*(AQ19>AS19))+(($E19<$G19)*(AQ19<AS19))+(($E19=$G19)*(AQ19=AS19)))-ISBLANK($E19)*(AQ19=AS19)+(($E19-$G19)=(AQ19-AS19))))) | AX19: : | AZ19: =IF(ISBLANK($E19),"",(IF(ISBLANK(AW19),0,IF((($E19=AW19)*($G19=AY19))*NOT(ISBLANK($E19)),1,0)+((($E19>$G19)*(AW19>AY19))+(($E19<$G19)*(AW19<AY19))+(($E19=$G19)*(AW19=AY19)))-ISBLANK($E19)*(AW19=AY19)+(($E19-$G19)=(AW19-AY19))))) | BD19: : | BF19: =IF(ISBLANK($E19),"",(IF(ISBLANK(BC19),0,IF((($E19=BC19)*($G19=BE19))*NOT(ISBLANK($E19)),1,0)+((($E19>$G19)*(BC19>BE19))+(($E19<$G19)*(BC19<BE19))+(($E19=$G19)*(BC19=BE19)))-ISBLANK($E19)*(BC19=BE19)+(($E19-$G19)=(BC19-BE19))))) | BJ19: : | BL19: =IF(ISBLANK($E19),"",(IF(ISBLANK(BI19),0,IF((($E19=BI19)*($G19=BK19))*NOT(ISBLANK($E19)),1,0)+((($E19>$G19)*(BI19>BK19))+(($E19<$G19)*(BI19<BK19))+(($E19=$G19)*(BI19=BK19)))-ISBLANK($E19)*(BI19=BK19)+(($E19-$G19)=(BI19-BK19))))) | BP19: : | BR19: =IF(ISBLANK($E19),"",(IF(ISBLANK(BO19),0,IF((($E19=BO19)*($G19=BQ19))*NOT(ISBLANK($E19)),1,0)+((($E19>$G19)*(BO19>BQ19))+(($E19<$G19)*(BO19<BQ19))+(($E19=$G19)*(BO19=BQ19)))-ISBLANK($E19)*(BO19=BQ19)+(($E19-$G19)=(BO19-BQ19))))) | BV19: : | BX19: =IF(ISBLANK($E19),"",(IF(ISBLANK(BU19),0,IF((($E19=BU19)*($G19=BW19))*NOT(ISBLANK($E19)),1,0)+((($E19>$G19)*(BU19>BW19))+(($E19<$G19)*(BU19<BW19))+(($E19=$G19)*(BU19=BW19)))-ISBLANK($E19)*(BU19=BW19)+(($E19-$G19)=(BU19-BW19))))) | CB19: : | CD19: =IF(ISBLANK($E19),"",(IF(ISBLANK(CA19),0,IF((($E19=CA19)*($G19=CC19))*NOT(ISBLANK($E19)),1,0)+((($E19>$G19)*(CA19>CC19))+(($E19<$G19)*(CA19<CC19))+(($E19=$G19)*(CA19=CC19)))-ISBLANK($E19)*(CA19=CC19)+(($E19-$G19)=(CA19-CC19))))) | CH19: : | CJ19: =IF(ISBLANK($E19),"",(IF(ISBLANK(CG19),0,IF((($E19=CG19)*($G19=CI19))*NOT(ISBLANK($E19)),1,0)+((($E19>$G19)*(CG19>CI19))+(($E19<$G19)*(CG19<CI19))+(($E19=$G19)*(CG19=CI19)))-ISBLANK($E19)*(CG19=CI19)+(($E19-$G19)=(CG19-CI19))))) | CN19: : | CP19: =IF(ISBLANK($E19),"",(IF(ISBLANK(CM19),0,IF((($E19=CM19)*($G19=CO19))*NOT(ISBLANK($E19)),1,0)+((($E19>$G19)*(CM19>CO19))+(($E19<$G19)*(CM19<CO19))+(($E19=$G19)*(CM19=CO19)))-ISBLANK($E19)*(CM19=CO19)+(($E19-$G19)=(CM19-CO19))))) | CT19: : | CV19: =IF(ISBLANK($E19),"",(IF(ISBLANK(CS19),0,IF((($E19=CS19)*($G19=CU19))*NOT(ISBLANK($E19)),1,0)+((($E19>$G19)*(CS19>CU19))+(($E19<$G19)*(CS19<CU19))+(($E19=$G19)*(CS19=CU19)))-ISBLANK($E19)*(CS19=CU19)+(($E19-$G19)=(CS19-CU19))))) | CZ19: : | DB19: =IF(ISBLANK($E19),"",(IF(ISBLANK(CY19),0,IF((($E19=CY19)*($G19=DA19))*NOT(ISBLANK($E19)),1,0)+((($E19>$G19)*(CY19>DA19))+(($E19<$G19)*(CY19<DA19))+(($E19=$G19)*(CY19=DA19)))-ISBLANK($E19)*(CY19=DA19)+(($E19-$G19)=(CY19-DA19))))) | DF19: : | DH19: =IF(ISBLANK($E19),"",(IF(ISBLANK(DE19),0,IF((($E19=DE19)*($G19=DG19))*NOT(ISBLANK($E19)),1,0)+((($E19>$G19)*(DE19>DG19))+(($E19<$G19)*(DE19<DG19))+(($E19=$G19)*(DE19=DG19)))-ISBLANK($E19)*(DE19=DG19)+(($E19-$G19)=(DE19-DG19))))) | DL19: : | DN19: =IF(ISBLANK($E19),"",(IF(ISBLANK(DK19),0,IF((($E19=DK19)*($G19=DM19))*NOT(ISBLANK($E19)),1,0)+((($E19>$G19)*(DK19>DM19))+(($E19<$G19)*(DK19<DM19))+(($E19=$G19)*(DK19=DM19)))-ISBLANK($E19)*(DK19=DM19)+(($E19-$G19)=(DK19-DM19))))) | DR19: : | DT19: =IF(ISBLANK($E19),"",(IF(ISBLANK(DQ19),0,IF((($E19=DQ19)*($G19=DS19))*NOT(ISBLANK($E19)),1,0)+((($E19>$G19)*(DQ19>DS19))+(($E19<$G19)*(DQ19<DS19))+(($E19=$G19)*(DQ19=DS19)))-ISBLANK($E19)*(DQ19=DS19)+(($E19-$G19)=(DQ19-DS19))))) | DX19: : | DZ19: =IF(ISBLANK($E19),"",(IF(ISBLANK(DW19),0,IF((($E19=DW19)*($G19=DY19))*NOT(ISBLANK($E19)),1,0)+((($E19>$G19)*(DW19>DY19))+(($E19<$G19)*(DW19<DY19))+(($E19=$G19)*(DW19=DY19)))-ISBLANK($E19)*(DW19=DY19)+(($E19-$G19)=(DW19-DY19))))) | ED19: : | EF19: =IF(ISBLANK($E19),"",(IF(ISBLANK(EC19),0,IF((($E19=EC19)*($G19=EE19))*NOT(ISBLANK($E19)),1,0)+((($E19>$G19)*(EC19>EE19))+(($E19<$G19)*(EC19<EE19))+(($E19=$G19)*(EC19=EE19)))-ISBLANK($E19)*(EC19=EE19)+(($E19-$G19)=(EC19-EE19))))) | EJ19: : | EL19: =IF(ISBLANK($E19),"",(IF(ISBLANK(EI19),0,IF((($E19=EI19)*($G19=EK19))*NOT(ISBLANK($E19)),1,0)+((($E19>$G19)*(EI19>EK19))+(($E19<$G19)*(EI19<EK19))+(($E19=$G19)*(EI19=EK19)))-ISBLANK($E19)*(EI19=EK19)+(($E19-$G19)=(EI19-EK19))))) | EP19: : | ER19: =IF(ISBLANK($E19),"",(IF(ISBLANK(EO19),0,IF((($E19=EO19)*($G19=EQ19))*NOT(ISBLANK($E19)),1,0)+((($E19>$G19)*(EO19>EQ19))+(($E19<$G19)*(EO19<EQ19))+(($E19=$G19)*(EO19=EQ19)))-ISBLANK($E19)*(EO19=EQ19)+(($E19-$G19)=(EO19-EQ19))))) | EV19: : | EX19: =IF(ISBLANK($E19),"",(IF(ISBLANK(EU19),0,IF((($E19=EU19)*($G19=EW19))*NOT(ISBLANK($E19)),1,0)+((($E19>$G19)*(EU19>EW19))+(($E19<$G19)*(EU19<EW19))+(($E19=$G19)*(EU19=EW19)))-ISBLANK($E19)*(EU19=EW19)+(($E19-$G19)=(EU19-EW19))))) | FB19: : | FD19: =IF(ISBLANK($E19),"",(IF(ISBLANK(FA19),0,IF((($E19=FA19)*($G19=FC19))*NOT(ISBLANK($E19)),1,0)+((($E19>$G19)*(FA19>FC19))+(($E19<$G19)*(FA19<FC19))+(($E19=$G19)*(FA19=FC19)))-ISBLANK($E19)*(FA19=FC19)+(($E19-$G19)=(FA19-FC19))))) | FJ19: =IF(ISBLANK($E19),"",(IF(ISBLANK(FG19),0,IF((($E19=FG19)*($G19=FI19))*NOT(ISBLANK($E19)),1,0)+((($E19>$G19)*(FG19>FI19))+(($E19<$G19)*(FG19<FI19))+(($E19=$G19)*(FG19=FI19)))-ISBLANK($E19)*(FG19=FI19)+(($E19-$G19)=(FG19-FI19))))) | FN19: : | FP19: =IF(ISBLANK($E19),"",(IF(ISBLANK(FM19),0,IF((($E19=FM19)*($G19=FO19))*NOT(ISBLANK($E19)),1,0)+((($E19>$G19)*(FM19>FO19))+(($E19<$G19)*(FM19<FO19))+(($E19=$G19)*(FM19=FO19)))-ISBLANK($E19)*(FM19=FO19)+(($E19-$G19)=(FM19-FO19))))) | FT19: : | FV19: =IF(ISBLANK($E19),"",(IF(ISBLANK(FS19),0,IF((($E19=FS19)*($G19=FU19))*NOT(ISBLANK($E19)),1,0)+((($E19>$G19)*(FS19>FU19))+(($E19<$G19)*(FS19<FU19))+(($E19=$G19)*(FS19=FU19)))-ISBLANK($E19)*(FS19=FU19)+(($E19-$G19)=(FS19-FU19))))) | FZ19: : | GB19: =IF(ISBLANK($E19),"",(IF(ISBLANK(FY19),0,IF((($E19=FY19)*($G19=GA19))*NOT(ISBLANK($E19)),1,0)+((($E19>$G19)*(FY19>GA19))+(($E19<$G19)*(FY19<GA19))+(($E19=$G19)*(FY19=GA19)))-ISBLANK($E19)*(FY19=GA19)+(($E19-$G19)=(FY19-GA19))))) | GF19: : | GH19: =IF(ISBLANK($E19),"",(IF(ISBLANK(GE19),0,IF((($E19=GE19)*($G19=GG19))*NOT(ISBLANK($E19)),1,0)+((($E19>$G19)*(GE19>GG19))+(($E19<$G19)*(GE19<GG19))+(($E19=$G19)*(GE19=GG19)))-ISBLANK($E19)*(GE19=GG19)+(($E19-$G19)=(GE19-GG19))))) | GL19: : | GN19: =IF(ISBLANK($E19),"",(IF(ISBLANK(GK19),0,IF((($E19=GK19)*($G19=GM19))*NOT(ISBLANK($E19)),1,0)+((($E19>$G19)*(GK19>GM19))+(($E19<$G19)*(GK19<GM19))+(($E19=$G19)*(GK19=GM19)))-ISBLANK($E19)*(GK19=GM19)+(($E19-$G19)=(GK19-GM19))))) | GR19: : | GT19: =IF(ISBLANK($E19),"",(IF(ISBLANK(GQ19),0,IF((($E19=GQ19)*($G19=GS19))*NOT(ISBLANK($E19)),1,0)+((($E19>$G19)*(GQ19>GS19))+(($E19<$G19)*(GQ19<GS19))+(($E19=$G19)*(GQ19=GS19)))-ISBLANK($E19)*(GQ19=GS19)+(($E19-$G19)=(GQ19-GS19)))))
C20: : | F20: : | I20: =COUNTIF(P20,3)+COUNTIF(V20,3)+COUNTIF(AB20,3)+COUNTIF(AH20,3)+COUNTIF(AN20,3)+COUNTIF(AT20,3)+COUNTIF(AZ20,3)+COUNTIF(BF20,3)+COUNTIF(BL20,3)+COUNTIF(BR20,3)+COUNTIF(BX20,3)+COUNTIF(CD20,3)+COUNTIF(CJ20,3)+COUNTIF(CP20,3)+COUNTIF(CV20,3)+COUNTIF(DB20,3)+COUNTIF(DH20,3)+COUNTIF(DN20,3)+COUNTIF(DT20,3)+COUNTIF(DZ20,3)+COUNTIF(EF20,3)+COUNTIF(EL20,3)+COUNTIF(ER20,3)+COUNTIF(EX20,3)+COUNTIF(FD20,3)+COUNTIF(FJ20,3)+COUNTIF(FP20,3)+COUNTIF(FV20,3)+COUNTIF(GB20,3)+COUNTIF(GH20,3)+COUNTIF(GN20,3)+COUNTIF(GT20,3) | J20: =COUNTIF(P20,2)+COUNTIF(V20,2)+COUNTIF(AB20,2)+COUNTIF(AH20,2)+COUNTIF(AN20,2)+COUNTIF(AT20,2)+COUNTIF(AZ20,2)+COUNTIF(BF20,2)+COUNTIF(BL20,2)+COUNTIF(BR20,2)+COUNTIF(BX20,2)+COUNTIF(CD20,2)+COUNTIF(CJ20,2)+COUNTIF(CP20,2)+COUNTIF(CV20,2)+COUNTIF(DB20,2)+COUNTIF(DH20,2)+COUNTIF(DN20,2)+COUNTIF(DT20,2)+COUNTIF(DZ20,2)+COUNTIF(EF20,2)+COUNTIF(EL20,2)+COUNTIF(ER20,2)+COUNTIF(EX20,2)+COUNTIF(FD20,2)+COUNTIF(FJ20,2)+COUNTIF(FP20,2)+COUNTIF(FV20,2)+COUNTIF(GB20,2)+COUNTIF(GH20,2)+COUNTIF(GN20,2)+COUNTIF(GT20,2) | K20: =COUNTIF(P20,1)+COUNTIF(V20,1)+COUNTIF(AB20,1)+COUNTIF(AH20,1)+COUNTIF(AN20,1)+COUNTIF(AT20,1)+COUNTIF(AZ20,1)+COUNTIF(BF20,1)+COUNTIF(BL20,1)+COUNTIF(BR20,1)+COUNTIF(BX20,1)+COUNTIF(CD20,1)+COUNTIF(CJ20,1)+COUNTIF(CP20,1)+COUNTIF(CV20,1)+COUNTIF(DB20,1)+COUNTIF(DH20,1)+COUNTIF(DN20,1)+COUNTIF(DT20,1)+COUNTIF(DZ20,1)+COUNTIF(EF20,1)+COUNTIF(EL20,1)+COUNTIF(ER20,1)+COUNTIF(EX20,1)+COUNTIF(FD20,1)+COUNTIF(FJ20,1)+COUNTIF(FP20,1)+COUNTIF(FV20,1)+COUNTIF(GB20,1)+COUNTIF(GH20,1)+COUNTIF(GN20,1)+COUNTIF(GT20,1) | N20: : | P20: =IF(ISBLANK($E20),"",(IF(ISBLANK(M20),0,IF((($E20=M20)*($G20=O20))*NOT(ISBLANK($E20)),1,0)+((($E20>$G20)*(M20>O20))+(($E20<$G20)*(M20<O20))+(($E20=$G20)*(M20=O20)))-ISBLANK($E20)*(M20=O20)+(($E20-$G20)=(M20-O20))))) | T20: : | V20: =IF(ISBLANK($E20),"",(IF(ISBLANK(S20),0,IF((($E20=S20)*($G20=U20))*NOT(ISBLANK($E20)),1,0)+((($E20>$G20)*(S20>U20))+(($E20<$G20)*(S20<U20))+(($E20=$G20)*(S20=U20)))-ISBLANK($E20)*(S20=U20)+(($E20-$G20)=(S20-U20))))) | Z20: : | AB20: =IF(ISBLANK($E20),"",(IF(ISBLANK(Y20),0,IF((($E20=Y20)*($G20=AA20))*NOT(ISBLANK($E20)),1,0)+((($E20>$G20)*(Y20>AA20))+(($E20<$G20)*(Y20<AA20))+(($E20=$G20)*(Y20=AA20)))-ISBLANK($E20)*(Y20=AA20)+(($E20-$G20)=(Y20-AA20))))) | AF20: : | AH20: =IF(ISBLANK($E20),"",(IF(ISBLANK(AE20),0,IF((($E20=AE20)*($G20=AG20))*NOT(ISBLANK($E20)),1,0)+((($E20>$G20)*(AE20>AG20))+(($E20<$G20)*(AE20<AG20))+(($E20=$G20)*(AE20=AG20)))-ISBLANK($E20)*(AE20=AG20)+(($E20-$G20)=(AE20-AG20))))) | AL20: : | AN20: =IF(ISBLANK($E20),"",(IF(ISBLANK(AK20),0,IF((($E20=AK20)*($G20=AM20))*NOT(ISBLANK($E20)),1,0)+((($E20>$G20)*(AK20>AM20))+(($E20<$G20)*(AK20<AM20))+(($E20=$G20)*(AK20=AM20)))-ISBLANK($E20)*(AK20=AM20)+(($E20-$G20)=(AK20-AM20))))) | AR20: : | AT20: =IF(ISBLANK($E20),"",(IF(ISBLANK(AQ20),0,IF((($E20=AQ20)*($G20=AS20))*NOT(ISBLANK($E20)),1,0)+((($E20>$G20)*(AQ20>AS20))+(($E20<$G20)*(AQ20<AS20))+(($E20=$G20)*(AQ20=AS20)))-ISBLANK($E20)*(AQ20=AS20)+(($E20-$G20)=(AQ20-AS20))))) | AX20: : | AZ20: =IF(ISBLANK($E20),"",(IF(ISBLANK(AW20),0,IF((($E20=AW20)*($G20=AY20))*NOT(ISBLANK($E20)),1,0)+((($E20>$G20)*(AW20>AY20))+(($E20<$G20)*(AW20<AY20))+(($E20=$G20)*(AW20=AY20)))-ISBLANK($E20)*(AW20=AY20)+(($E20-$G20)=(AW20-AY20))))) | BD20: : | BF20: =IF(ISBLANK($E20),"",(IF(ISBLANK(BC20),0,IF((($E20=BC20)*($G20=BE20))*NOT(ISBLANK($E20)),1,0)+((($E20>$G20)*(BC20>BE20))+(($E20<$G20)*(BC20<BE20))+(($E20=$G20)*(BC20=BE20)))-ISBLANK($E20)*(BC20=BE20)+(($E20-$G20)=(BC20-BE20))))) | BJ20: : | BL20: =IF(ISBLANK($E20),"",(IF(ISBLANK(BI20),0,IF((($E20=BI20)*($G20=BK20))*NOT(ISBLANK($E20)),1,0)+((($E20>$G20)*(BI20>BK20))+(($E20<$G20)*(BI20<BK20))+(($E20=$G20)*(BI20=BK20)))-ISBLANK($E20)*(BI20=BK20)+(($E20-$G20)=(BI20-BK20))))) | BP20: : | BR20: =IF(ISBLANK($E20),"",(IF(ISBLANK(BO20),0,IF((($E20=BO20)*($G20=BQ20))*NOT(ISBLANK($E20)),1,0)+((($E20>$G20)*(BO20>BQ20))+(($E20<$G20)*(BO20<BQ20))+(($E20=$G20)*(BO20=BQ20)))-ISBLANK($E20)*(BO20=BQ20)+(($E20-$G20)=(BO20-BQ20))))) | BV20: : | BX20: =IF(ISBLANK($E20),"",(IF(ISBLANK(BU20),0,IF((($E20=BU20)*($G20=BW20))*NOT(ISBLANK($E20)),1,0)+((($E20>$G20)*(BU20>BW20))+(($E20<$G20)*(BU20<BW20))+(($E20=$G20)*(BU20=BW20)))-ISBLANK($E20)*(BU20=BW20)+(($E20-$G20)=(BU20-BW20))))) | CB20: : | CD20: =IF(ISBLANK($E20),"",(IF(ISBLANK(CA20),0,IF((($E20=CA20)*($G20=CC20))*NOT(ISBLANK($E20)),1,0)+((($E20>$G20)*(CA20>CC20))+(($E20<$G20)*(CA20<CC20))+(($E20=$G20)*(CA20=CC20)))-ISBLANK($E20)*(CA20=CC20)+(($E20-$G20)=(CA20-CC20))))) | CH20: : | CJ20: =IF(ISBLANK($E20),"",(IF(ISBLANK(CG20),0,IF((($E20=CG20)*($G20=CI20))*NOT(ISBLANK($E20)),1,0)+((($E20>$G20)*(CG20>CI20))+(($E20<$G20)*(CG20<CI20))+(($E20=$G20)*(CG20=CI20)))-ISBLANK($E20)*(CG20=CI20)+(($E20-$G20)=(CG20-CI20))))) | CN20: : | CP20: =IF(ISBLANK($E20),"",(IF(ISBLANK(CM20),0,IF((($E20=CM20)*($G20=CO20))*NOT(ISBLANK($E20)),1,0)+((($E20>$G20)*(CM20>CO20))+(($E20<$G20)*(CM20<CO20))+(($E20=$G20)*(CM20=CO20)))-ISBLANK($E20)*(CM20=CO20)+(($E20-$G20)=(CM20-CO20))))) | CT20: : | CV20: =IF(ISBLANK($E20),"",(IF(ISBLANK(CS20),0,IF((($E20=CS20)*($G20=CU20))*NOT(ISBLANK($E20)),1,0)+((($E20>$G20)*(CS20>CU20))+(($E20<$G20)*(CS20<CU20))+(($E20=$G20)*(CS20=CU20)))-ISBLANK($E20)*(CS20=CU20)+(($E20-$G20)=(CS20-CU20))))) | CZ20: : | DB20: =IF(ISBLANK($E20),"",(IF(ISBLANK(CY20),0,IF((($E20=CY20)*($G20=DA20))*NOT(ISBLANK($E20)),1,0)+((($E20>$G20)*(CY20>DA20))+(($E20<$G20)*(CY20<DA20))+(($E20=$G20)*(CY20=DA20)))-ISBLANK($E20)*(CY20=DA20)+(($E20-$G20)=(CY20-DA20))))) | DF20: : | DH20: =IF(ISBLANK($E20),"",(IF(ISBLANK(DE20),0,IF((($E20=DE20)*($G20=DG20))*NOT(ISBLANK($E20)),1,0)+((($E20>$G20)*(DE20>DG20))+(($E20<$G20)*(DE20<DG20))+(($E20=$G20)*(DE20=DG20)))-ISBLANK($E20)*(DE20=DG20)+(($E20-$G20)=(DE20-DG20))))) | DL20: : | DN20: =IF(ISBLANK($E20),"",(IF(ISBLANK(DK20),0,IF((($E20=DK20)*($G20=DM20))*NOT(ISBLANK($E20)),1,0)+((($E20>$G20)*(DK20>DM20))+(($E20<$G20)*(DK20<DM20))+(($E20=$G20)*(DK20=DM20)))-ISBLANK($E20)*(DK20=DM20)+(($E20-$G20)=(DK20-DM20))))) | DR20: : | DT20: =IF(ISBLANK($E20),"",(IF(ISBLANK(DQ20),0,IF((($E20=DQ20)*($G20=DS20))*NOT(ISBLANK($E20)),1,0)+((($E20>$G20)*(DQ20>DS20))+(($E20<$G20)*(DQ20<DS20))+(($E20=$G20)*(DQ20=DS20)))-ISBLANK($E20)*(DQ20=DS20)+(($E20-$G20)=(DQ20-DS20))))) | DX20: : | DZ20: =IF(ISBLANK($E20),"",(IF(ISBLANK(DW20),0,IF((($E20=DW20)*($G20=DY20))*NOT(ISBLANK($E20)),1,0)+((($E20>$G20)*(DW20>DY20))+(($E20<$G20)*(DW20<DY20))+(($E20=$G20)*(DW20=DY20)))-ISBLANK($E20)*(DW20=DY20)+(($E20-$G20)=(DW20-DY20))))) | ED20: : | EF20: =IF(ISBLANK($E20),"",(IF(ISBLANK(EC20),0,IF((($E20=EC20)*($G20=EE20))*NOT(ISBLANK($E20)),1,0)+((($E20>$G20)*(EC20>EE20))+(($E20<$G20)*(EC20<EE20))+(($E20=$G20)*(EC20=EE20)))-ISBLANK($E20)*(EC20=EE20)+(($E20-$G20)=(EC20-EE20))))) | EJ20: : | EL20: =IF(ISBLANK($E20),"",(IF(ISBLANK(EI20),0,IF((($E20=EI20)*($G20=EK20))*NOT(ISBLANK($E20)),1,0)+((($E20>$G20)*(EI20>EK20))+(($E20<$G20)*(EI20<EK20))+(($E20=$G20)*(EI20=EK20)))-ISBLANK($E20)*(EI20=EK20)+(($E20-$G20)=(EI20-EK20))))) | EP20: : | ER20: =IF(ISBLANK($E20),"",(IF(ISBLANK(EO20),0,IF((($E20=EO20)*($G20=EQ20))*NOT(ISBLANK($E20)),1,0)+((($E20>$G20)*(EO20>EQ20))+(($E20<$G20)*(EO20<EQ20))+(($E20=$G20)*(EO20=EQ20)))-ISBLANK($E20)*(EO20=EQ20)+(($E20-$G20)=(EO20-EQ20))))) | EV20: : | EX20: =IF(ISBLANK($E20),"",(IF(ISBLANK(EU20),0,IF((($E20=EU20)*($G20=EW20))*NOT(ISBLANK($E20)),1,0)+((($E20>$G20)*(EU20>EW20))+(($E20<$G20)*(EU20<EW20))+(($E20=$G20)*(EU20=EW20)))-ISBLANK($E20)*(EU20=EW20)+(($E20-$G20)=(EU20-EW20))))) | FB20: : | FD20: =IF(ISBLANK($E20),"",(IF(ISBLANK(FA20),0,IF((($E20=FA20)*($G20=FC20))*NOT(ISBLANK($E20)),1,0)+((($E20>$G20)*(FA20>FC20))+(($E20<$G20)*(FA20<FC20))+(($E20=$G20)*(FA20=FC20)))-ISBLANK($E20)*(FA20=FC20)+(($E20-$G20)=(FA20-FC20))))) | FJ20: =IF(ISBLANK($E20),"",(IF(ISBLANK(FG20),0,IF((($E20=FG20)*($G20=FI20))*NOT(ISBLANK($E20)),1,0)+((($E20>$G20)*(FG20>FI20))+(($E20<$G20)*(FG20<FI20))+(($E20=$G20)*(FG20=FI20)))-ISBLANK($E20)*(FG20=FI20)+(($E20-$G20)=(FG20-FI20))))) | FN20: : | FP20: =IF(ISBLANK($E20),"",(IF(ISBLANK(FM20),0,IF((($E20=FM20)*($G20=FO20))*NOT(ISBLANK($E20)),1,0)+((($E20>$G20)*(FM20>FO20))+(($E20<$G20)*(FM20<FO20))+(($E20=$G20)*(FM20=FO20)))-ISBLANK($E20)*(FM20=FO20)+(($E20-$G20)=(FM20-FO20))))) | FT20: : | FV20: =IF(ISBLANK($E20),"",(IF(ISBLANK(FS20),0,IF((($E20=FS20)*($G20=FU20))*NOT(ISBLANK($E20)),1,0)+((($E20>$G20)*(FS20>FU20))+(($E20<$G20)*(FS20<FU20))+(($E20=$G20)*(FS20=FU20)))-ISBLANK($E20)*(FS20=FU20)+(($E20-$G20)=(FS20-FU20))))) | FZ20: : | GB20: =IF(ISBLANK($E20),"",(IF(ISBLANK(FY20),0,IF((($E20=FY20)*($G20=GA20))*NOT(ISBLANK($E20)),1,0)+((($E20>$G20)*(FY20>GA20))+(($E20<$G20)*(FY20<GA20))+(($E20=$G20)*(FY20=GA20)))-ISBLANK($E20)*(FY20=GA20)+(($E20-$G20)=(FY20-GA20))))) | GF20: : | GH20: =IF(ISBLANK($E20),"",(IF(ISBLANK(GE20),0,IF((($E20=GE20)*($G20=GG20))*NOT(ISBLANK($E20)),1,0)+((($E20>$G20)*(GE20>GG20))+(($E20<$G20)*(GE20<GG20))+(($E20=$G20)*(GE20=GG20)))-ISBLANK($E20)*(GE20=GG20)+(($E20-$G20)=(GE20-GG20))))) | GL20: : | GN20: =IF(ISBLANK($E20),"",(IF(ISBLANK(GK20),0,IF((($E20=GK20)*($G20=GM20))*NOT(ISBLANK($E20)),1,0)+((($E20>$G20)*(GK20>GM20))+(($E20<$G20)*(GK20<GM20))+(($E20=$G20)*(GK20=GM20)))-ISBLANK($E20)*(GK20=GM20)+(($E20-$G20)=(GK20-GM20))))) | GR20: : | GT20: =IF(ISBLANK($E20),"",(IF(ISBLANK(GQ20),0,IF((($E20=GQ20)*($G20=GS20))*NOT(ISBLANK($E20)),1,0)+((($E20>$G20)*(GQ20>GS20))+(($E20<$G20)*(GQ20<GS20))+(($E20=$G20)*(GQ20=GS20)))-ISBLANK($E20)*(GQ20=GS20)+(($E20-$G20)=(GQ20-GS20)))))
C21: : | F21: : | I21: =COUNTIF(P21,3)+COUNTIF(V21,3)+COUNTIF(AB21,3)+COUNTIF(AH21,3)+COUNTIF(AN21,3)+COUNTIF(AT21,3)+COUNTIF(AZ21,3)+COUNTIF(BF21,3)+COUNTIF(BL21,3)+COUNTIF(BR21,3)+COUNTIF(BX21,3)+COUNTIF(CD21,3)+COUNTIF(CJ21,3)+COUNTIF(CP21,3)+COUNTIF(CV21,3)+COUNTIF(DB21,3)+COUNTIF(DH21,3)+COUNTIF(DN21,3)+COUNTIF(DT21,3)+COUNTIF(DZ21,3)+COUNTIF(EF21,3)+COUNTIF(EL21,3)+COUNTIF(ER21,3)+COUNTIF(EX21,3)+COUNTIF(FD21,3)+COUNTIF(FJ21,3)+COUNTIF(FP21,3)+COUNTIF(FV21,3)+COUNTIF(GB21,3)+COUNTIF(GH21,3)+COUNTIF(GN21,3)+COUNTIF(GT21,3) | J21: =COUNTIF(P21,2)+COUNTIF(V21,2)+COUNTIF(AB21,2)+COUNTIF(AH21,2)+COUNTIF(AN21,2)+COUNTIF(AT21,2)+COUNTIF(AZ21,2)+COUNTIF(BF21,2)+COUNTIF(BL21,2)+COUNTIF(BR21,2)+COUNTIF(BX21,2)+COUNTIF(CD21,2)+COUNTIF(CJ21,2)+COUNTIF(CP21,2)+COUNTIF(CV21,2)+COUNTIF(DB21,2)+COUNTIF(DH21,2)+COUNTIF(DN21,2)+COUNTIF(DT21,2)+COUNTIF(DZ21,2)+COUNTIF(EF21,2)+COUNTIF(EL21,2)+COUNTIF(ER21,2)+COUNTIF(EX21,2)+COUNTIF(FD21,2)+COUNTIF(FJ21,2)+COUNTIF(FP21,2)+COUNTIF(FV21,2)+COUNTIF(GB21,2)+COUNTIF(GH21,2)+COUNTIF(GN21,2)+COUNTIF(GT21,2) | K21: =COUNTIF(P21,1)+COUNTIF(V21,1)+COUNTIF(AB21,1)+COUNTIF(AH21,1)+COUNTIF(AN21,1)+COUNTIF(AT21,1)+COUNTIF(AZ21,1)+COUNTIF(BF21,1)+COUNTIF(BL21,1)+COUNTIF(BR21,1)+COUNTIF(BX21,1)+COUNTIF(CD21,1)+COUNTIF(CJ21,1)+COUNTIF(CP21,1)+COUNTIF(CV21,1)+COUNTIF(DB21,1)+COUNTIF(DH21,1)+COUNTIF(DN21,1)+COUNTIF(DT21,1)+COUNTIF(DZ21,1)+COUNTIF(EF21,1)+COUNTIF(EL21,1)+COUNTIF(ER21,1)+COUNTIF(EX21,1)+COUNTIF(FD21,1)+COUNTIF(FJ21,1)+COUNTIF(FP21,1)+COUNTIF(FV21,1)+COUNTIF(GB21,1)+COUNTIF(GH21,1)+COUNTIF(GN21,1)+COUNTIF(GT21,1) | N21: : | P21: =IF(ISBLANK($E21),"",(IF(ISBLANK(M21),0,IF((($E21=M21)*($G21=O21))*NOT(ISBLANK($E21)),1,0)+((($E21>$G21)*(M21>O21))+(($E21<$G21)*(M21<O21))+(($E21=$G21)*(M21=O21)))-ISBLANK($E21)*(M21=O21)+(($E21-$G21)=(M21-O21))))) | T21: : | V21: =IF(ISBLANK($E21),"",(IF(ISBLANK(S21),0,IF((($E21=S21)*($G21=U21))*NOT(ISBLANK($E21)),1,0)+((($E21>$G21)*(S21>U21))+(($E21<$G21)*(S21<U21))+(($E21=$G21)*(S21=U21)))-ISBLANK($E21)*(S21=U21)+(($E21-$G21)=(S21-U21))))) | Z21: : | AB21: =IF(ISBLANK($E21),"",(IF(ISBLANK(Y21),0,IF((($E21=Y21)*($G21=AA21))*NOT(ISBLANK($E21)),1,0)+((($E21>$G21)*(Y21>AA21))+(($E21<$G21)*(Y21<AA21))+(($E21=$G21)*(Y21=AA21)))-ISBLANK($E21)*(Y21=AA21)+(($E21-$G21)=(Y21-AA21))))) | AF21: : | AH21: =IF(ISBLANK($E21),"",(IF(ISBLANK(AE21),0,IF((($E21=AE21)*($G21=AG21))*NOT(ISBLANK($E21)),1,0)+((($E21>$G21)*(AE21>AG21))+(($E21<$G21)*(AE21<AG21))+(($E21=$G21)*(AE21=AG21)))-ISBLANK($E21)*(AE21=AG21)+(($E21-$G21)=(AE21-AG21))))) | AL21: : | AN21: =IF(ISBLANK($E21),"",(IF(ISBLANK(AK21),0,IF((($E21=AK21)*($G21=AM21))*NOT(ISBLANK($E21)),1,0)+((($E21>$G21)*(AK21>AM21))+(($E21<$G21)*(AK21<AM21))+(($E21=$G21)*(AK21=AM21)))-ISBLANK($E21)*(AK21=AM21)+(($E21-$G21)=(AK21-AM21))))) | AR21: : | AT21: =IF(ISBLANK($E21),"",(IF(ISBLANK(AQ21),0,IF((($E21=AQ21)*($G21=AS21))*NOT(ISBLANK($E21)),1,0)+((($E21>$G21)*(AQ21>AS21))+(($E21<$G21)*(AQ21<AS21))+(($E21=$G21)*(AQ21=AS21)))-ISBLANK($E21)*(AQ21=AS21)+(($E21-$G21)=(AQ21-AS21))))) | AX21: : | AZ21: =IF(ISBLANK($E21),"",(IF(ISBLANK(AW21),0,IF((($E21=AW21)*($G21=AY21))*NOT(ISBLANK($E21)),1,0)+((($E21>$G21)*(AW21>AY21))+(($E21<$G21)*(AW21<AY21))+(($E21=$G21)*(AW21=AY21)))-ISBLANK($E21)*(AW21=AY21)+(($E21-$G21)=(AW21-AY21))))) | BD21: : | BF21: =IF(ISBLANK($E21),"",(IF(ISBLANK(BC21),0,IF((($E21=BC21)*($G21=BE21))*NOT(ISBLANK($E21)),1,0)+((($E21>$G21)*(BC21>BE21))+(($E21<$G21)*(BC21<BE21))+(($E21=$G21)*(BC21=BE21)))-ISBLANK($E21)*(BC21=BE21)+(($E21-$G21)=(BC21-BE21))))) | BJ21: : | BL21: =IF(ISBLANK($E21),"",(IF(ISBLANK(BI21),0,IF((($E21=BI21)*($G21=BK21))*NOT(ISBLANK($E21)),1,0)+((($E21>$G21)*(BI21>BK21))+(($E21<$G21)*(BI21<BK21))+(($E21=$G21)*(BI21=BK21)))-ISBLANK($E21)*(BI21=BK21)+(($E21-$G21)=(BI21-BK21))))) | BP21: : | BR21: =IF(ISBLANK($E21),"",(IF(ISBLANK(BO21),0,IF((($E21=BO21)*($G21=BQ21))*NOT(ISBLANK($E21)),1,0)+((($E21>$G21)*(BO21>BQ21))+(($E21<$G21)*(BO21<BQ21))+(($E21=$G21)*(BO21=BQ21)))-ISBLANK($E21)*(BO21=BQ21)+(($E21-$G21)=(BO21-BQ21))))) | BV21: : | BX21: =IF(ISBLANK($E21),"",(IF(ISBLANK(BU21),0,IF((($E21=BU21)*($G21=BW21))*NOT(ISBLANK($E21)),1,0)+((($E21>$G21)*(BU21>BW21))+(($E21<$G21)*(BU21<BW21))+(($E21=$G21)*(BU21=BW21)))-ISBLANK($E21)*(BU21=BW21)+(($E21-$G21)=(BU21-BW21))))) | CB21: : | CD21: =IF(ISBLANK($E21),"",(IF(ISBLANK(CA21),0,IF((($E21=CA21)*($G21=CC21))*NOT(ISBLANK($E21)),1,0)+((($E21>$G21)*(CA21>CC21))+(($E21<$G21)*(CA21<CC21))+(($E21=$G21)*(CA21=CC21)))-ISBLANK($E21)*(CA21=CC21)+(($E21-$G21)=(CA21-CC21))))) | CH21: : | CJ21: =IF(ISBLANK($E21),"",(IF(ISBLANK(CG21),0,IF((($E21=CG21)*($G21=CI21))*NOT(ISBLANK($E21)),1,0)+((($E21>$G21)*(CG21>CI21))+(($E21<$G21)*(CG21<CI21))+(($E21=$G21)*(CG21=CI21)))-ISBLANK($E21)*(CG21=CI21)+(($E21-$G21)=(CG21-CI21))))) | CN21: : | CP21: =IF(ISBLANK($E21),"",(IF(ISBLANK(CM21),0,IF((($E21=CM21)*($G21=CO21))*NOT(ISBLANK($E21)),1,0)+((($E21>$G21)*(CM21>CO21))+(($E21<$G21)*(CM21<CO21))+(($E21=$G21)*(CM21=CO21)))-ISBLANK($E21)*(CM21=CO21)+(($E21-$G21)=(CM21-CO21))))) | CT21: : | CV21: =IF(ISBLANK($E21),"",(IF(ISBLANK(CS21),0,IF((($E21=CS21)*($G21=CU21))*NOT(ISBLANK($E21)),1,0)+((($E21>$G21)*(CS21>CU21))+(($E21<$G21)*(CS21<CU21))+(($E21=$G21)*(CS21=CU21)))-ISBLANK($E21)*(CS21=CU21)+(($E21-$G21)=(CS21-CU21))))) | CZ21: : | DB21: =IF(ISBLANK($E21),"",(IF(ISBLANK(CY21),0,IF((($E21=CY21)*($G21=DA21))*NOT(ISBLANK($E21)),1,0)+((($E21>$G21)*(CY21>DA21))+(($E21<$G21)*(CY21<DA21))+(($E21=$G21)*(CY21=DA21)))-ISBLANK($E21)*(CY21=DA21)+(($E21-$G21)=(CY21-DA21))))) | DF21: : | DH21: =IF(ISBLANK($E21),"",(IF(ISBLANK(DE21),0,IF((($E21=DE21)*($G21=DG21))*NOT(ISBLANK($E21)),1,0)+((($E21>$G21)*(DE21>DG21))+(($E21<$G21)*(DE21<DG21))+(($E21=$G21)*(DE21=DG21)))-ISBLANK($E21)*(DE21=DG21)+(($E21-$G21)=(DE21-DG21))))) | DL21: : | DN21: =IF(ISBLANK($E21),"",(IF(ISBLANK(DK21),0,IF((($E21=DK21)*($G21=DM21))*NOT(ISBLANK($E21)),1,0)+((($E21>$G21)*(DK21>DM21))+(($E21<$G21)*(DK21<DM21))+(($E21=$G21)*(DK21=DM21)))-ISBLANK($E21)*(DK21=DM21)+(($E21-$G21)=(DK21-DM21))))) | DR21: : | DT21: =IF(ISBLANK($E21),"",(IF(ISBLANK(DQ21),0,IF((($E21=DQ21)*($G21=DS21))*NOT(ISBLANK($E21)),1,0)+((($E21>$G21)*(DQ21>DS21))+(($E21<$G21)*(DQ21<DS21))+(($E21=$G21)*(DQ21=DS21)))-ISBLANK($E21)*(DQ21=DS21)+(($E21-$G21)=(DQ21-DS21))))) | DX21: : | DZ21: =IF(ISBLANK($E21),"",(IF(ISBLANK(DW21),0,IF((($E21=DW21)*($G21=DY21))*NOT(ISBLANK($E21)),1,0)+((($E21>$G21)*(DW21>DY21))+(($E21<$G21)*(DW21<DY21))+(($E21=$G21)*(DW21=DY21)))-ISBLANK($E21)*(DW21=DY21)+(($E21-$G21)=(DW21-DY21))))) | ED21: : | EF21: =IF(ISBLANK($E21),"",(IF(ISBLANK(EC21),0,IF((($E21=EC21)*($G21=EE21))*NOT(ISBLANK($E21)),1,0)+((($E21>$G21)*(EC21>EE21))+(($E21<$G21)*(EC21<EE21))+(($E21=$G21)*(EC21=EE21)))-ISBLANK($E21)*(EC21=EE21)+(($E21-$G21)=(EC21-EE21))))) | EJ21: : | EL21: =IF(ISBLANK($E21),"",(IF(ISBLANK(EI21),0,IF((($E21=EI21)*($G21=EK21))*NOT(ISBLANK($E21)),1,0)+((($E21>$G21)*(EI21>EK21))+(($E21<$G21)*(EI21<EK21))+(($E21=$G21)*(EI21=EK21)))-ISBLANK($E21)*(EI21=EK21)+(($E21-$G21)=(EI21-EK21))))) | EP21: : | ER21: =IF(ISBLANK($E21),"",(IF(ISBLANK(EO21),0,IF((($E21=EO21)*($G21=EQ21))*NOT(ISBLANK($E21)),1,0)+((($E21>$G21)*(EO21>EQ21))+(($E21<$G21)*(EO21<EQ21))+(($E21=$G21)*(EO21=EQ21)))-ISBLANK($E21)*(EO21=EQ21)+(($E21-$G21)=(EO21-EQ21))))) | EV21: : | EX21: =IF(ISBLANK($E21),"",(IF(ISBLANK(EU21),0,IF((($E21=EU21)*($G21=EW21))*NOT(ISBLANK($E21)),1,0)+((($E21>$G21)*(EU21>EW21))+(($E21<$G21)*(EU21<EW21))+(($E21=$G21)*(EU21=EW21)))-ISBLANK($E21)*(EU21=EW21)+(($E21-$G21)=(EU21-EW21))))) | FB21: : | FD21: =IF(ISBLANK($E21),"",(IF(ISBLANK(FA21),0,IF((($E21=FA21)*($G21=FC21))*NOT(ISBLANK($E21)),1,0)+((($E21>$G21)*(FA21>FC21))+(($E21<$G21)*(FA21<FC21))+(($E21=$G21)*(FA21=FC21)))-ISBLANK($E21)*(FA21=FC21)+(($E21-$G21)=(FA21-FC21))))) | FJ21: =IF(ISBLANK($E21),"",(IF(ISBLANK(FG21),0,IF((($E21=FG21)*($G21=FI21))*NOT(ISBLANK($E21)),1,0)+((($E21>$G21)*(FG21>FI21))+(($E21<$G21)*(FG21<FI21))+(($E21=$G21)*(FG21=FI21)))-ISBLANK($E21)*(FG21=FI21)+(($E21-$G21)=(FG21-FI21))))) | FN21: : | FP21: =IF(ISBLANK($E21),"",(IF(ISBLANK(FM21),0,IF((($E21=FM21)*($G21=FO21))*NOT(ISBLANK($E21)),1,0)+((($E21>$G21)*(FM21>FO21))+(($E21<$G21)*(FM21<FO21))+(($E21=$G21)*(FM21=FO21)))-ISBLANK($E21)*(FM21=FO21)+(($E21-$G21)=(FM21-FO21))))) | FT21: : | FV21: =IF(ISBLANK($E21),"",(IF(ISBLANK(FS21),0,IF((($E21=FS21)*($G21=FU21))*NOT(ISBLANK($E21)),1,0)+((($E21>$G21)*(FS21>FU21))+(($E21<$G21)*(FS21<FU21))+(($E21=$G21)*(FS21=FU21)))-ISBLANK($E21)*(FS21=FU21)+(($E21-$G21)=(FS21-FU21))))) | FZ21: : | GB21: =IF(ISBLANK($E21),"",(IF(ISBLANK(FY21),0,IF((($E21=FY21)*($G21=GA21))*NOT(ISBLANK($E21)),1,0)+((($E21>$G21)*(FY21>GA21))+(($E21<$G21)*(FY21<GA21))+(($E21=$G21)*(FY21=GA21)))-ISBLANK($E21)*(FY21=GA21)+(($E21-$G21)=(FY21-GA21))))) | GF21: : | GH21: =IF(ISBLANK($E21),"",(IF(ISBLANK(GE21),0,IF((($E21=GE21)*($G21=GG21))*NOT(ISBLANK($E21)),1,0)+((($E21>$G21)*(GE21>GG21))+(($E21<$G21)*(GE21<GG21))+(($E21=$G21)*(GE21=GG21)))-ISBLANK($E21)*(GE21=GG21)+(($E21-$G21)=(GE21-GG21))))) | GL21: : | GN21: =IF(ISBLANK($E21),"",(IF(ISBLANK(GK21),0,IF((($E21=GK21)*($G21=GM21))*NOT(ISBLANK($E21)),1,0)+((($E21>$G21)*(GK21>GM21))+(($E21<$G21)*(GK21<GM21))+(($E21=$G21)*(GK21=GM21)))-ISBLANK($E21)*(GK21=GM21)+(($E21-$G21)=(GK21-GM21))))) | GR21: : | GT21: =IF(ISBLANK($E21),"",(IF(ISBLANK(GQ21),0,IF((($E21=GQ21)*($G21=GS21))*NOT(ISBLANK($E21)),1,0)+((($E21>$G21)*(GQ21>GS21))+(($E21<$G21)*(GQ21<GS21))+(($E21=$G21)*(GQ21=GS21)))-ISBLANK($E21)*(GQ21=GS21)+(($E21-$G21)=(GQ21-GS21)))))
C22: : | F22: : | I22: =COUNTIF(P22,3)+COUNTIF(V22,3)+COUNTIF(AB22,3)+COUNTIF(AH22,3)+COUNTIF(AN22,3)+COUNTIF(AT22,3)+COUNTIF(AZ22,3)+COUNTIF(BF22,3)+COUNTIF(BL22,3)+COUNTIF(BR22,3)+COUNTIF(BX22,3)+COUNTIF(CD22,3)+COUNTIF(CJ22,3)+COUNTIF(CP22,3)+COUNTIF(CV22,3)+COUNTIF(DB22,3)+COUNTIF(DH22,3)+COUNTIF(DN22,3)+COUNTIF(DT22,3)+COUNTIF(DZ22,3)+COUNTIF(EF22,3)+COUNTIF(EL22,3)+COUNTIF(ER22,3)+COUNTIF(EX22,3)+COUNTIF(FD22,3)+COUNTIF(FJ22,3)+COUNTIF(FP22,3)+COUNTIF(FV22,3)+COUNTIF(GB22,3)+COUNTIF(GH22,3)+COUNTIF(GN22,3)+COUNTIF(GT22,3) | J22: =COUNTIF(P22,2)+COUNTIF(V22,2)+COUNTIF(AB22,2)+COUNTIF(AH22,2)+COUNTIF(AN22,2)+COUNTIF(AT22,2)+COUNTIF(AZ22,2)+COUNTIF(BF22,2)+COUNTIF(BL22,2)+COUNTIF(BR22,2)+COUNTIF(BX22,2)+COUNTIF(CD22,2)+COUNTIF(CJ22,2)+COUNTIF(CP22,2)+COUNTIF(CV22,2)+COUNTIF(DB22,2)+COUNTIF(DH22,2)+COUNTIF(DN22,2)+COUNTIF(DT22,2)+COUNTIF(DZ22,2)+COUNTIF(EF22,2)+COUNTIF(EL22,2)+COUNTIF(ER22,2)+COUNTIF(EX22,2)+COUNTIF(FD22,2)+COUNTIF(FJ22,2)+COUNTIF(FP22,2)+COUNTIF(FV22,2)+COUNTIF(GB22,2)+COUNTIF(GH22,2)+COUNTIF(GN22,2)+COUNTIF(GT22,2) | K22: =COUNTIF(P22,1)+COUNTIF(V22,1)+COUNTIF(AB22,1)+COUNTIF(AH22,1)+COUNTIF(AN22,1)+COUNTIF(AT22,1)+COUNTIF(AZ22,1)+COUNTIF(BF22,1)+COUNTIF(BL22,1)+COUNTIF(BR22,1)+COUNTIF(BX22,1)+COUNTIF(CD22,1)+COUNTIF(CJ22,1)+COUNTIF(CP22,1)+COUNTIF(CV22,1)+COUNTIF(DB22,1)+COUNTIF(DH22,1)+COUNTIF(DN22,1)+COUNTIF(DT22,1)+COUNTIF(DZ22,1)+COUNTIF(EF22,1)+COUNTIF(EL22,1)+COUNTIF(ER22,1)+COUNTIF(EX22,1)+COUNTIF(FD22,1)+COUNTIF(FJ22,1)+COUNTIF(FP22,1)+COUNTIF(FV22,1)+COUNTIF(GB22,1)+COUNTIF(GH22,1)+COUNTIF(GN22,1)+COUNTIF(GT22,1) | N22: : | P22: =IF(ISBLANK($E22),"",(IF(ISBLANK(M22),0,IF((($E22=M22)*($G22=O22))*NOT(ISBLANK($E22)),1,0)+((($E22>$G22)*(M22>O22))+(($E22<$G22)*(M22<O22))+(($E22=$G22)*(M22=O22)))-ISBLANK($E22)*(M22=O22)+(($E22-$G22)=(M22-O22))))) | T22: : | V22: =IF(ISBLANK($E22),"",(IF(ISBLANK(S22),0,IF((($E22=S22)*($G22=U22))*NOT(ISBLANK($E22)),1,0)+((($E22>$G22)*(S22>U22))+(($E22<$G22)*(S22<U22))+(($E22=$G22)*(S22=U22)))-ISBLANK($E22)*(S22=U22)+(($E22-$G22)=(S22-U22))))) | Z22: : | AB22: =IF(ISBLANK($E22),"",(IF(ISBLANK(Y22),0,IF((($E22=Y22)*($G22=AA22))*NOT(ISBLANK($E22)),1,0)+((($E22>$G22)*(Y22>AA22))+(($E22<$G22)*(Y22<AA22))+(($E22=$G22)*(Y22=AA22)))-ISBLANK($E22)*(Y22=AA22)+(($E22-$G22)=(Y22-AA22))))) | AF22: : | AH22: =IF(ISBLANK($E22),"",(IF(ISBLANK(AE22),0,IF((($E22=AE22)*($G22=AG22))*NOT(ISBLANK($E22)),1,0)+((($E22>$G22)*(AE22>AG22))+(($E22<$G22)*(AE22<AG22))+(($E22=$G22)*(AE22=AG22)))-ISBLANK($E22)*(AE22=AG22)+(($E22-$G22)=(AE22-AG22))))) | AL22: : | AN22: =IF(ISBLANK($E22),"",(IF(ISBLANK(AK22),0,IF((($E22=AK22)*($G22=AM22))*NOT(ISBLANK($E22)),1,0)+((($E22>$G22)*(AK22>AM22))+(($E22<$G22)*(AK22<AM22))+(($E22=$G22)*(AK22=AM22)))-ISBLANK($E22)*(AK22=AM22)+(($E22-$G22)=(AK22-AM22))))) | AR22: : | AT22: =IF(ISBLANK($E22),"",(IF(ISBLANK(AQ22),0,IF((($E22=AQ22)*($G22=AS22))*NOT(ISBLANK($E22)),1,0)+((($E22>$G22)*(AQ22>AS22))+(($E22<$G22)*(AQ22<AS22))+(($E22=$G22)*(AQ22=AS22)))-ISBLANK($E22)*(AQ22=AS22)+(($E22-$G22)=(AQ22-AS22))))) | AX22: : | AZ22: =IF(ISBLANK($E22),"",(IF(ISBLANK(AW22),0,IF((($E22=AW22)*($G22=AY22))*NOT(ISBLANK($E22)),1,0)+((($E22>$G22)*(AW22>AY22))+(($E22<$G22)*(AW22<AY22))+(($E22=$G22)*(AW22=AY22)))-ISBLANK($E22)*(AW22=AY22)+(($E22-$G22)=(AW22-AY22))))) | BD22: : | BF22: =IF(ISBLANK($E22),"",(IF(ISBLANK(BC22),0,IF((($E22=BC22)*($G22=BE22))*NOT(ISBLANK($E22)),1,0)+((($E22>$G22)*(BC22>BE22))+(($E22<$G22)*(BC22<BE22))+(($E22=$G22)*(BC22=BE22)))-ISBLANK($E22)*(BC22=BE22)+(($E22-$G22)=(BC22-BE22))))) | BJ22: : | BL22: =IF(ISBLANK($E22),"",(IF(ISBLANK(BI22),0,IF((($E22=BI22)*($G22=BK22))*NOT(ISBLANK($E22)),1,0)+((($E22>$G22)*(BI22>BK22))+(($E22<$G22)*(BI22<BK22))+(($E22=$G22)*(BI22=BK22)))-ISBLANK($E22)*(BI22=BK22)+(($E22-$G22)=(BI22-BK22))))) | BP22: : | BR22: =IF(ISBLANK($E22),"",(IF(ISBLANK(BO22),0,IF((($E22=BO22)*($G22=BQ22))*NOT(ISBLANK($E22)),1,0)+((($E22>$G22)*(BO22>BQ22))+(($E22<$G22)*(BO22<BQ22))+(($E22=$G22)*(BO22=BQ22)))-ISBLANK($E22)*(BO22=BQ22)+(($E22-$G22)=(BO22-BQ22))))) | BV22: : | BX22: =IF(ISBLANK($E22),"",(IF(ISBLANK(BU22),0,IF((($E22=BU22)*($G22=BW22))*NOT(ISBLANK($E22)),1,0)+((($E22>$G22)*(BU22>BW22))+(($E22<$G22)*(BU22<BW22))+(($E22=$G22)*(BU22=BW22)))-ISBLANK($E22)*(BU22=BW22)+(($E22-$G22)=(BU22-BW22))))) | CB22: : | CD22: =IF(ISBLANK($E22),"",(IF(ISBLANK(CA22),0,IF((($E22=CA22)*($G22=CC22))*NOT(ISBLANK($E22)),1,0)+((($E22>$G22)*(CA22>CC22))+(($E22<$G22)*(CA22<CC22))+(($E22=$G22)*(CA22=CC22)))-ISBLANK($E22)*(CA22=CC22)+(($E22-$G22)=(CA22-CC22))))) | CH22: : | CJ22: =IF(ISBLANK($E22),"",(IF(ISBLANK(CG22),0,IF((($E22=CG22)*($G22=CI22))*NOT(ISBLANK($E22)),1,0)+((($E22>$G22)*(CG22>CI22))+(($E22<$G22)*(CG22<CI22))+(($E22=$G22)*(CG22=CI22)))-ISBLANK($E22)*(CG22=CI22)+(($E22-$G22)=(CG22-CI22))))) | CN22: : | CP22: =IF(ISBLANK($E22),"",(IF(ISBLANK(CM22),0,IF((($E22=CM22)*($G22=CO22))*NOT(ISBLANK($E22)),1,0)+((($E22>$G22)*(CM22>CO22))+(($E22<$G22)*(CM22<CO22))+(($E22=$G22)*(CM22=CO22)))-ISBLANK($E22)*(CM22=CO22)+(($E22-$G22)=(CM22-CO22))))) | CT22: : | CV22: =IF(ISBLANK($E22),"",(IF(ISBLANK(CS22),0,IF((($E22=CS22)*($G22=CU22))*NOT(ISBLANK($E22)),1,0)+((($E22>$G22)*(CS22>CU22))+(($E22<$G22)*(CS22<CU22))+(($E22=$G22)*(CS22=CU22)))-ISBLANK($E22)*(CS22=CU22)+(($E22-$G22)=(CS22-CU22))))) | CZ22: : | DB22: =IF(ISBLANK($E22),"",(IF(ISBLANK(CY22),0,IF((($E22=CY22)*($G22=DA22))*NOT(ISBLANK($E22)),1,0)+((($E22>$G22)*(CY22>DA22))+(($E22<$G22)*(CY22<DA22))+(($E22=$G22)*(CY22=DA22)))-ISBLANK($E22)*(CY22=DA22)+(($E22-$G22)=(CY22-DA22))))) | DF22: : | DH22: =IF(ISBLANK($E22),"",(IF(ISBLANK(DE22),0,IF((($E22=DE22)*($G22=DG22))*NOT(ISBLANK($E22)),1,0)+((($E22>$G22)*(DE22>DG22))+(($E22<$G22)*(DE22<DG22))+(($E22=$G22)*(DE22=DG22)))-ISBLANK($E22)*(DE22=DG22)+(($E22-$G22)=(DE22-DG22))))) | DL22: : | DN22: =IF(ISBLANK($E22),"",(IF(ISBLANK(DK22),0,IF((($E22=DK22)*($G22=DM22))*NOT(ISBLANK($E22)),1,0)+((($E22>$G22)*(DK22>DM22))+(($E22<$G22)*(DK22<DM22))+(($E22=$G22)*(DK22=DM22)))-ISBLANK($E22)*(DK22=DM22)+(($E22-$G22)=(DK22-DM22))))) | DR22: : | DT22: =IF(ISBLANK($E22),"",(IF(ISBLANK(DQ22),0,IF((($E22=DQ22)*($G22=DS22))*NOT(ISBLANK($E22)),1,0)+((($E22>$G22)*(DQ22>DS22))+(($E22<$G22)*(DQ22<DS22))+(($E22=$G22)*(DQ22=DS22)))-ISBLANK($E22)*(DQ22=DS22)+(($E22-$G22)=(DQ22-DS22))))) | DX22: : | DZ22: =IF(ISBLANK($E22),"",(IF(ISBLANK(DW22),0,IF((($E22=DW22)*($G22=DY22))*NOT(ISBLANK($E22)),1,0)+((($E22>$G22)*(DW22>DY22))+(($E22<$G22)*(DW22<DY22))+(($E22=$G22)*(DW22=DY22)))-ISBLANK($E22)*(DW22=DY22)+(($E22-$G22)=(DW22-DY22))))) | ED22: : | EF22: =IF(ISBLANK($E22),"",(IF(ISBLANK(EC22),0,IF((($E22=EC22)*($G22=EE22))*NOT(ISBLANK($E22)),1,0)+((($E22>$G22)*(EC22>EE22))+(($E22<$G22)*(EC22<EE22))+(($E22=$G22)*(EC22=EE22)))-ISBLANK($E22)*(EC22=EE22)+(($E22-$G22)=(EC22-EE22))))) | EJ22: : | EL22: =IF(ISBLANK($E22),"",(IF(ISBLANK(EI22),0,IF((($E22=EI22)*($G22=EK22))*NOT(ISBLANK($E22)),1,0)+((($E22>$G22)*(EI22>EK22))+(($E22<$G22)*(EI22<EK22))+(($E22=$G22)*(EI22=EK22)))-ISBLANK($E22)*(EI22=EK22)+(($E22-$G22)=(EI22-EK22))))) | EP22: : | ER22: =IF(ISBLANK($E22),"",(IF(ISBLANK(EO22),0,IF((($E22=EO22)*($G22=EQ22))*NOT(ISBLANK($E22)),1,0)+((($E22>$G22)*(EO22>EQ22))+(($E22<$G22)*(EO22<EQ22))+(($E22=$G22)*(EO22=EQ22)))-ISBLANK($E22)*(EO22=EQ22)+(($E22-$G22)=(EO22-EQ22))))) | EV22: : | EX22: =IF(ISBLANK($E22),"",(IF(ISBLANK(EU22),0,IF((($E22=EU22)*($G22=EW22))*NOT(ISBLANK($E22)),1,0)+((($E22>$G22)*(EU22>EW22))+(($E22<$G22)*(EU22<EW22))+(($E22=$G22)*(EU22=EW22)))-ISBLANK($E22)*(EU22=EW22)+(($E22-$G22)=(EU22-EW22))))) | FB22: : | FD22: =IF(ISBLANK($E22),"",(IF(ISBLANK(FA22),0,IF((($E22=FA22)*($G22=FC22))*NOT(ISBLANK($E22)),1,0)+((($E22>$G22)*(FA22>FC22))+(($E22<$G22)*(FA22<FC22))+(($E22=$G22)*(FA22=FC22)))-ISBLANK($E22)*(FA22=FC22)+(($E22-$G22)=(FA22-FC22))))) | FJ22: =IF(ISBLANK($E22),"",(IF(ISBLANK(FG22),0,IF((($E22=FG22)*($G22=FI22))*NOT(ISBLANK($E22)),1,0)+((($E22>$G22)*(FG22>FI22))+(($E22<$G22)*(FG22<FI22))+(($E22=$G22)*(FG22=FI22)))-ISBLANK($E22)*(FG22=FI22)+(($E22-$G22)=(FG22-FI22))))) | FN22: : | FP22: =IF(ISBLANK($E22),"",(IF(ISBLANK(FM22),0,IF((($E22=FM22)*($G22=FO22))*NOT(ISBLANK($E22)),1,0)+((($E22>$G22)*(FM22>FO22))+(($E22<$G22)*(FM22<FO22))+(($E22=$G22)*(FM22=FO22)))-ISBLANK($E22)*(FM22=FO22)+(($E22-$G22)=(FM22-FO22))))) | FT22: : | FV22: =IF(ISBLANK($E22),"",(IF(ISBLANK(FS22),0,IF((($E22=FS22)*($G22=FU22))*NOT(ISBLANK($E22)),1,0)+((($E22>$G22)*(FS22>FU22))+(($E22<$G22)*(FS22<FU22))+(($E22=$G22)*(FS22=FU22)))-ISBLANK($E22)*(FS22=FU22)+(($E22-$G22)=(FS22-FU22))))) | FZ22: : | GB22: =IF(ISBLANK($E22),"",(IF(ISBLANK(FY22),0,IF((($E22=FY22)*($G22=GA22))*NOT(ISBLANK($E22)),1,0)+((($E22>$G22)*(FY22>GA22))+(($E22<$G22)*(FY22<GA22))+(($E22=$G22)*(FY22=GA22)))-ISBLANK($E22)*(FY22=GA22)+(($E22-$G22)=(FY22-GA22))))) | GF22: : | GH22: =IF(ISBLANK($E22),"",(IF(ISBLANK(GE22),0,IF((($E22=GE22)*($G22=GG22))*NOT(ISBLANK($E22)),1,0)+((($E22>$G22)*(GE22>GG22))+(($E22<$G22)*(GE22<GG22))+(($E22=$G22)*(GE22=GG22)))-ISBLANK($E22)*(GE22=GG22)+(($E22-$G22)=(GE22-GG22))))) | GL22: : | GN22: =IF(ISBLANK($E22),"",(IF(ISBLANK(GK22),0,IF((($E22=GK22)*($G22=GM22))*NOT(ISBLANK($E22)),1,0)+((($E22>$G22)*(GK22>GM22))+(($E22<$G22)*(GK22<GM22))+(($E22=$G22)*(GK22=GM22)))-ISBLANK($E22)*(GK22=GM22)+(($E22-$G22)=(GK22-GM22))))) | GR22: : | GT22: =IF(ISBLANK($E22),"",(IF(ISBLANK(GQ22),0,IF((($E22=GQ22)*($G22=GS22))*NOT(ISBLANK($E22)),1,0)+((($E22>$G22)*(GQ22>GS22))+(($E22<$G22)*(GQ22<GS22))+(($E22=$G22)*(GQ22=GS22)))-ISBLANK($E22)*(GQ22=GS22)+(($E22-$G22)=(GQ22-GS22)))))
C23: : | F23: : | I23: =COUNTIF(P23,3)+COUNTIF(V23,3)+COUNTIF(AB23,3)+COUNTIF(AH23,3)+COUNTIF(AN23,3)+COUNTIF(AT23,3)+COUNTIF(AZ23,3)+COUNTIF(BF23,3)+COUNTIF(BL23,3)+COUNTIF(BR23,3)+COUNTIF(BX23,3)+COUNTIF(CD23,3)+COUNTIF(CJ23,3)+COUNTIF(CP23,3)+COUNTIF(CV23,3)+COUNTIF(DB23,3)+COUNTIF(DH23,3)+COUNTIF(DN23,3)+COUNTIF(DT23,3)+COUNTIF(DZ23,3)+COUNTIF(EF23,3)+COUNTIF(EL23,3)+COUNTIF(ER23,3)+COUNTIF(EX23,3)+COUNTIF(FD23,3)+COUNTIF(FJ23,3)+COUNTIF(FP23,3)+COUNTIF(FV23,3)+COUNTIF(GB23,3)+COUNTIF(GH23,3)+COUNTIF(GN23,3)+COUNTIF(GT23,3) | J23: =COUNTIF(P23,2)+COUNTIF(V23,2)+COUNTIF(AB23,2)+COUNTIF(AH23,2)+COUNTIF(AN23,2)+COUNTIF(AT23,2)+COUNTIF(AZ23,2)+COUNTIF(BF23,2)+COUNTIF(BL23,2)+COUNTIF(BR23,2)+COUNTIF(BX23,2)+COUNTIF(CD23,2)+COUNTIF(CJ23,2)+COUNTIF(CP23,2)+COUNTIF(CV23,2)+COUNTIF(DB23,2)+COUNTIF(DH23,2)+COUNTIF(DN23,2)+COUNTIF(DT23,2)+COUNTIF(DZ23,2)+COUNTIF(EF23,2)+COUNTIF(EL23,2)+COUNTIF(ER23,2)+COUNTIF(EX23,2)+COUNTIF(FD23,2)+COUNTIF(FJ23,2)+COUNTIF(FP23,2)+COUNTIF(FV23,2)+COUNTIF(GB23,2)+COUNTIF(GH23,2)+COUNTIF(GN23,2)+COUNTIF(GT23,2) | K23: =COUNTIF(P23,1)+COUNTIF(V23,1)+COUNTIF(AB23,1)+COUNTIF(AH23,1)+COUNTIF(AN23,1)+COUNTIF(AT23,1)+COUNTIF(AZ23,1)+COUNTIF(BF23,1)+COUNTIF(BL23,1)+COUNTIF(BR23,1)+COUNTIF(BX23,1)+COUNTIF(CD23,1)+COUNTIF(CJ23,1)+COUNTIF(CP23,1)+COUNTIF(CV23,1)+COUNTIF(DB23,1)+COUNTIF(DH23,1)+COUNTIF(DN23,1)+COUNTIF(DT23,1)+COUNTIF(DZ23,1)+COUNTIF(EF23,1)+COUNTIF(EL23,1)+COUNTIF(ER23,1)+COUNTIF(EX23,1)+COUNTIF(FD23,1)+COUNTIF(FJ23,1)+COUNTIF(FP23,1)+COUNTIF(FV23,1)+COUNTIF(GB23,1)+COUNTIF(GH23,1)+COUNTIF(GN23,1)+COUNTIF(GT23,1) | N23: : | P23: =IF(ISBLANK($E23),"",(IF(ISBLANK(M23),0,IF((($E23=M23)*($G23=O23))*NOT(ISBLANK($E23)),1,0)+((($E23>$G23)*(M23>O23))+(($E23<$G23)*(M23<O23))+(($E23=$G23)*(M23=O23)))-ISBLANK($E23)*(M23=O23)+(($E23-$G23)=(M23-O23))))) | T23: : | V23: =IF(ISBLANK($E23),"",(IF(ISBLANK(S23),0,IF((($E23=S23)*($G23=U23))*NOT(ISBLANK($E23)),1,0)+((($E23>$G23)*(S23>U23))+(($E23<$G23)*(S23<U23))+(($E23=$G23)*(S23=U23)))-ISBLANK($E23)*(S23=U23)+(($E23-$G23)=(S23-U23))))) | Z23: : | AB23: =IF(ISBLANK($E23),"",(IF(ISBLANK(Y23),0,IF((($E23=Y23)*($G23=AA23))*NOT(ISBLANK($E23)),1,0)+((($E23>$G23)*(Y23>AA23))+(($E23<$G23)*(Y23<AA23))+(($E23=$G23)*(Y23=AA23)))-ISBLANK($E23)*(Y23=AA23)+(($E23-$G23)=(Y23-AA23))))) | AF23: : | AH23: =IF(ISBLANK($E23),"",(IF(ISBLANK(AE23),0,IF((($E23=AE23)*($G23=AG23))*NOT(ISBLANK($E23)),1,0)+((($E23>$G23)*(AE23>AG23))+(($E23<$G23)*(AE23<AG23))+(($E23=$G23)*(AE23=AG23)))-ISBLANK($E23)*(AE23=AG23)+(($E23-$G23)=(AE23-AG23))))) | AL23: : | AN23: =IF(ISBLANK($E23),"",(IF(ISBLANK(AK23),0,IF((($E23=AK23)*($G23=AM23))*NOT(ISBLANK($E23)),1,0)+((($E23>$G23)*(AK23>AM23))+(($E23<$G23)*(AK23<AM23))+(($E23=$G23)*(AK23=AM23)))-ISBLANK($E23)*(AK23=AM23)+(($E23-$G23)=(AK23-AM23))))) | AR23: : | AT23: =IF(ISBLANK($E23),"",(IF(ISBLANK(AQ23),0,IF((($E23=AQ23)*($G23=AS23))*NOT(ISBLANK($E23)),1,0)+((($E23>$G23)*(AQ23>AS23))+(($E23<$G23)*(AQ23<AS23))+(($E23=$G23)*(AQ23=AS23)))-ISBLANK($E23)*(AQ23=AS23)+(($E23-$G23)=(AQ23-AS23))))) | AX23: : | AZ23: =IF(ISBLANK($E23),"",(IF(ISBLANK(AW23),0,IF((($E23=AW23)*($G23=AY23))*NOT(ISBLANK($E23)),1,0)+((($E23>$G23)*(AW23>AY23))+(($E23<$G23)*(AW23<AY23))+(($E23=$G23)*(AW23=AY23)))-ISBLANK($E23)*(AW23=AY23)+(($E23-$G23)=(AW23-AY23))))) | BD23: : | BF23: =IF(ISBLANK($E23),"",(IF(ISBLANK(BC23),0,IF((($E23=BC23)*($G23=BE23))*NOT(ISBLANK($E23)),1,0)+((($E23>$G23)*(BC23>BE23))+(($E23<$G23)*(BC23<BE23))+(($E23=$G23)*(BC23=BE23)))-ISBLANK($E23)*(BC23=BE23)+(($E23-$G23)=(BC23-BE23))))) | BJ23: : | BL23: =IF(ISBLANK($E23),"",(IF(ISBLANK(BI23),0,IF((($E23=BI23)*($G23=BK23))*NOT(ISBLANK($E23)),1,0)+((($E23>$G23)*(BI23>BK23))+(($E23<$G23)*(BI23<BK23))+(($E23=$G23)*(BI23=BK23)))-ISBLANK($E23)*(BI23=BK23)+(($E23-$G23)=(BI23-BK23))))) | BP23: : | BR23: =IF(ISBLANK($E23),"",(IF(ISBLANK(BO23),0,IF((($E23=BO23)*($G23=BQ23))*NOT(ISBLANK($E23)),1,0)+((($E23>$G23)*(BO23>BQ23))+(($E23<$G23)*(BO23<BQ23))+(($E23=$G23)*(BO23=BQ23)))-ISBLANK($E23)*(BO23=BQ23)+(($E23-$G23)=(BO23-BQ23))))) | BV23: : | BX23: =IF(ISBLANK($E23),"",(IF(ISBLANK(BU23),0,IF((($E23=BU23)*($G23=BW23))*NOT(ISBLANK($E23)),1,0)+((($E23>$G23)*(BU23>BW23))+(($E23<$G23)*(BU23<BW23))+(($E23=$G23)*(BU23=BW23)))-ISBLANK($E23)*(BU23=BW23)+(($E23-$G23)=(BU23-BW23))))) | CB23: : | CD23: =IF(ISBLANK($E23),"",(IF(ISBLANK(CA23),0,IF((($E23=CA23)*($G23=CC23))*NOT(ISBLANK($E23)),1,0)+((($E23>$G23)*(CA23>CC23))+(($E23<$G23)*(CA23<CC23))+(($E23=$G23)*(CA23=CC23)))-ISBLANK($E23)*(CA23=CC23)+(($E23-$G23)=(CA23-CC23))))) | CH23: : | CJ23: =IF(ISBLANK($E23),"",(IF(ISBLANK(CG23),0,IF((($E23=CG23)*($G23=CI23))*NOT(ISBLANK($E23)),1,0)+((($E23>$G23)*(CG23>CI23))+(($E23<$G23)*(CG23<CI23))+(($E23=$G23)*(CG23=CI23)))-ISBLANK($E23)*(CG23=CI23)+(($E23-$G23)=(CG23-CI23))))) | CN23: : | CP23: =IF(ISBLANK($E23),"",(IF(ISBLANK(CM23),0,IF((($E23=CM23)*($G23=CO23))*NOT(ISBLANK($E23)),1,0)+((($E23>$G23)*(CM23>CO23))+(($E23<$G23)*(CM23<CO23))+(($E23=$G23)*(CM23=CO23)))-ISBLANK($E23)*(CM23=CO23)+(($E23-$G23)=(CM23-CO23))))) | CT23: : | CV23: =IF(ISBLANK($E23),"",(IF(ISBLANK(CS23),0,IF((($E23=CS23)*($G23=CU23))*NOT(ISBLANK($E23)),1,0)+((($E23>$G23)*(CS23>CU23))+(($E23<$G23)*(CS23<CU23))+(($E23=$G23)*(CS23=CU23)))-ISBLANK($E23)*(CS23=CU23)+(($E23-$G23)=(CS23-CU23))))) | CZ23: : | DB23: =IF(ISBLANK($E23),"",(IF(ISBLANK(CY23),0,IF((($E23=CY23)*($G23=DA23))*NOT(ISBLANK($E23)),1,0)+((($E23>$G23)*(CY23>DA23))+(($E23<$G23)*(CY23<DA23))+(($E23=$G23)*(CY23=DA23)))-ISBLANK($E23)*(CY23=DA23)+(($E23-$G23)=(CY23-DA23))))) | DF23: : | DH23: =IF(ISBLANK($E23),"",(IF(ISBLANK(DE23),0,IF((($E23=DE23)*($G23=DG23))*NOT(ISBLANK($E23)),1,0)+((($E23>$G23)*(DE23>DG23))+(($E23<$G23)*(DE23<DG23))+(($E23=$G23)*(DE23=DG23)))-ISBLANK($E23)*(DE23=DG23)+(($E23-$G23)=(DE23-DG23))))) | DL23: : | DN23: =IF(ISBLANK($E23),"",(IF(ISBLANK(DK23),0,IF((($E23=DK23)*($G23=DM23))*NOT(ISBLANK($E23)),1,0)+((($E23>$G23)*(DK23>DM23))+(($E23<$G23)*(DK23<DM23))+(($E23=$G23)*(DK23=DM23)))-ISBLANK($E23)*(DK23=DM23)+(($E23-$G23)=(DK23-DM23))))) | DR23: : | DT23: =IF(ISBLANK($E23),"",(IF(ISBLANK(DQ23),0,IF((($E23=DQ23)*($G23=DS23))*NOT(ISBLANK($E23)),1,0)+((($E23>$G23)*(DQ23>DS23))+(($E23<$G23)*(DQ23<DS23))+(($E23=$G23)*(DQ23=DS23)))-ISBLANK($E23)*(DQ23=DS23)+(($E23-$G23)=(DQ23-DS23))))) | DX23: : | DZ23: =IF(ISBLANK($E23),"",(IF(ISBLANK(DW23),0,IF((($E23=DW23)*($G23=DY23))*NOT(ISBLANK($E23)),1,0)+((($E23>$G23)*(DW23>DY23))+(($E23<$G23)*(DW23<DY23))+(($E23=$G23)*(DW23=DY23)))-ISBLANK($E23)*(DW23=DY23)+(($E23-$G23)=(DW23-DY23))))) | ED23: : | EF23: =IF(ISBLANK($E23),"",(IF(ISBLANK(EC23),0,IF((($E23=EC23)*($G23=EE23))*NOT(ISBLANK($E23)),1,0)+((($E23>$G23)*(EC23>EE23))+(($E23<$G23)*(EC23<EE23))+(($E23=$G23)*(EC23=EE23)))-ISBLANK($E23)*(EC23=EE23)+(($E23-$G23)=(EC23-EE23))))) | EJ23: : | EL23: =IF(ISBLANK($E23),"",(IF(ISBLANK(EI23),0,IF((($E23=EI23)*($G23=EK23))*NOT(ISBLANK($E23)),1,0)+((($E23>$G23)*(EI23>EK23))+(($E23<$G23)*(EI23<EK23))+(($E23=$G23)*(EI23=EK23)))-ISBLANK($E23)*(EI23=EK23)+(($E23-$G23)=(EI23-EK23))))) | EP23: : | ER23: =IF(ISBLANK($E23),"",(IF(ISBLANK(EO23),0,IF((($E23=EO23)*($G23=EQ23))*NOT(ISBLANK($E23)),1,0)+((($E23>$G23)*(EO23>EQ23))+(($E23<$G23)*(EO23<EQ23))+(($E23=$G23)*(EO23=EQ23)))-ISBLANK($E23)*(EO23=EQ23)+(($E23-$G23)=(EO23-EQ23))))) | EV23: : | EX23: =IF(ISBLANK($E23),"",(IF(ISBLANK(EU23),0,IF((($E23=EU23)*($G23=EW23))*NOT(ISBLANK($E23)),1,0)+((($E23>$G23)*(EU23>EW23))+(($E23<$G23)*(EU23<EW23))+(($E23=$G23)*(EU23=EW23)))-ISBLANK($E23)*(EU23=EW23)+(($E23-$G23)=(EU23-EW23))))) | FB23: : | FD23: =IF(ISBLANK($E23),"",(IF(ISBLANK(FA23),0,IF((($E23=FA23)*($G23=FC23))*NOT(ISBLANK($E23)),1,0)+((($E23>$G23)*(FA23>FC23))+(($E23<$G23)*(FA23<FC23))+(($E23=$G23)*(FA23=FC23)))-ISBLANK($E23)*(FA23=FC23)+(($E23-$G23)=(FA23-FC23))))) | FJ23: =IF(ISBLANK($E23),"",(IF(ISBLANK(FG23),0,IF((($E23=FG23)*($G23=FI23))*NOT(ISBLANK($E23)),1,0)+((($E23>$G23)*(FG23>FI23))+(($E23<$G23)*(FG23<FI23))+(($E23=$G23)*(FG23=FI23)))-ISBLANK($E23)*(FG23=FI23)+(($E23-$G23)=(FG23-FI23))))) | FN23: : | FP23: =IF(ISBLANK($E23),"",(IF(ISBLANK(FM23),0,IF((($E23=FM23)*($G23=FO23))*NOT(ISBLANK($E23)),1,0)+((($E23>$G23)*(FM23>FO23))+(($E23<$G23)*(FM23<FO23))+(($E23=$G23)*(FM23=FO23)))-ISBLANK($E23)*(FM23=FO23)+(($E23-$G23)=(FM23-FO23))))) | FT23: : | FV23: =IF(ISBLANK($E23),"",(IF(ISBLANK(FS23),0,IF((($E23=FS23)*($G23=FU23))*NOT(ISBLANK($E23)),1,0)+((($E23>$G23)*(FS23>FU23))+(($E23<$G23)*(FS23<FU23))+(($E23=$G23)*(FS23=FU23)))-ISBLANK($E23)*(FS23=FU23)+(($E23-$G23)=(FS23-FU23))))) | FZ23: : | GB23: =IF(ISBLANK($E23),"",(IF(ISBLANK(FY23),0,IF((($E23=FY23)*($G23=GA23))*NOT(ISBLANK($E23)),1,0)+((($E23>$G23)*(FY23>GA23))+(($E23<$G23)*(FY23<GA23))+(($E23=$G23)*(FY23=GA23)))-ISBLANK($E23)*(FY23=GA23)+(($E23-$G23)=(FY23-GA23))))) | GF23: : | GH23: =IF(ISBLANK($E23),"",(IF(ISBLANK(GE23),0,IF((($E23=GE23)*($G23=GG23))*NOT(ISBLANK($E23)),1,0)+((($E23>$G23)*(GE23>GG23))+(($E23<$G23)*(GE23<GG23))+(($E23=$G23)*(GE23=GG23)))-ISBLANK($E23)*(GE23=GG23)+(($E23-$G23)=(GE23-GG23))))) | GL23: : | GN23: =IF(ISBLANK($E23),"",(IF(ISBLANK(GK23),0,IF((($E23=GK23)*($G23=GM23))*NOT(ISBLANK($E23)),1,0)+((($E23>$G23)*(GK23>GM23))+(($E23<$G23)*(GK23<GM23))+(($E23=$G23)*(GK23=GM23)))-ISBLANK($E23)*(GK23=GM23)+(($E23-$G23)=(GK23-GM23))))) | GR23: : | GT23: =IF(ISBLANK($E23),"",(IF(ISBLANK(GQ23),0,IF((($E23=GQ23)*($G23=GS23))*NOT(ISBLANK($E23)),1,0)+((($E23>$G23)*(GQ23>GS23))+(($E23<$G23)*(GQ23<GS23))+(($E23=$G23)*(GQ23=GS23)))-ISBLANK($E23)*(GQ23=GS23)+(($E23-$G23)=(GQ23-GS23)))))
C24: : | F24: : | I24: =COUNTIF(P24,3)+COUNTIF(V24,3)+COUNTIF(AB24,3)+COUNTIF(AH24,3)+COUNTIF(AN24,3)+COUNTIF(AT24,3)+COUNTIF(AZ24,3)+COUNTIF(BF24,3)+COUNTIF(BL24,3)+COUNTIF(BR24,3)+COUNTIF(BX24,3)+COUNTIF(CD24,3)+COUNTIF(CJ24,3)+COUNTIF(CP24,3)+COUNTIF(CV24,3)+COUNTIF(DB24,3)+COUNTIF(DH24,3)+COUNTIF(DN24,3)+COUNTIF(DT24,3)+COUNTIF(DZ24,3)+COUNTIF(EF24,3)+COUNTIF(EL24,3)+COUNTIF(ER24,3)+COUNTIF(EX24,3)+COUNTIF(FD24,3)+COUNTIF(FJ24,3)+COUNTIF(FP24,3)+COUNTIF(FV24,3)+COUNTIF(GB24,3)+COUNTIF(GH24,3)+COUNTIF(GN24,3)+COUNTIF(GT24,3) | J24: =COUNTIF(P24,2)+COUNTIF(V24,2)+COUNTIF(AB24,2)+COUNTIF(AH24,2)+COUNTIF(AN24,2)+COUNTIF(AT24,2)+COUNTIF(AZ24,2)+COUNTIF(BF24,2)+COUNTIF(BL24,2)+COUNTIF(BR24,2)+COUNTIF(BX24,2)+COUNTIF(CD24,2)+COUNTIF(CJ24,2)+COUNTIF(CP24,2)+COUNTIF(CV24,2)+COUNTIF(DB24,2)+COUNTIF(DH24,2)+COUNTIF(DN24,2)+COUNTIF(DT24,2)+COUNTIF(DZ24,2)+COUNTIF(EF24,2)+COUNTIF(EL24,2)+COUNTIF(ER24,2)+COUNTIF(EX24,2)+COUNTIF(FD24,2)+COUNTIF(FJ24,2)+COUNTIF(FP24,2)+COUNTIF(FV24,2)+COUNTIF(GB24,2)+COUNTIF(GH24,2)+COUNTIF(GN24,2)+COUNTIF(GT24,2) | K24: =COUNTIF(P24,1)+COUNTIF(V24,1)+COUNTIF(AB24,1)+COUNTIF(AH24,1)+COUNTIF(AN24,1)+COUNTIF(AT24,1)+COUNTIF(AZ24,1)+COUNTIF(BF24,1)+COUNTIF(BL24,1)+COUNTIF(BR24,1)+COUNTIF(BX24,1)+COUNTIF(CD24,1)+COUNTIF(CJ24,1)+COUNTIF(CP24,1)+COUNTIF(CV24,1)+COUNTIF(DB24,1)+COUNTIF(DH24,1)+COUNTIF(DN24,1)+COUNTIF(DT24,1)+COUNTIF(DZ24,1)+COUNTIF(EF24,1)+COUNTIF(EL24,1)+COUNTIF(ER24,1)+COUNTIF(EX24,1)+COUNTIF(FD24,1)+COUNTIF(FJ24,1)+COUNTIF(FP24,1)+COUNTIF(FV24,1)+COUNTIF(GB24,1)+COUNTIF(GH24,1)+COUNTIF(GN24,1)+COUNTIF(GT24,1) | N24: : | P24: =IF(ISBLANK($E24),"",(IF(ISBLANK(M24),0,IF((($E24=M24)*($G24=O24))*NOT(ISBLANK($E24)),1,0)+((($E24>$G24)*(M24>O24))+(($E24<$G24)*(M24<O24))+(($E24=$G24)*(M24=O24)))-ISBLANK($E24)*(M24=O24)+(($E24-$G24)=(M24-O24))))) | T24: : | V24: =IF(ISBLANK($E24),"",(IF(ISBLANK(S24),0,IF((($E24=S24)*($G24=U24))*NOT(ISBLANK($E24)),1,0)+((($E24>$G24)*(S24>U24))+(($E24<$G24)*(S24<U24))+(($E24=$G24)*(S24=U24)))-ISBLANK($E24)*(S24=U24)+(($E24-$G24)=(S24-U24))))) | Z24: : | AB24: =IF(ISBLANK($E24),"",(IF(ISBLANK(Y24),0,IF((($E24=Y24)*($G24=AA24))*NOT(ISBLANK($E24)),1,0)+((($E24>$G24)*(Y24>AA24))+(($E24<$G24)*(Y24<AA24))+(($E24=$G24)*(Y24=AA24)))-ISBLANK($E24)*(Y24=AA24)+(($E24-$G24)=(Y24-AA24))))) | AF24: : | AH24: =IF(ISBLANK($E24),"",(IF(ISBLANK(AE24),0,IF((($E24=AE24)*($G24=AG24))*NOT(ISBLANK($E24)),1,0)+((($E24>$G24)*(AE24>AG24))+(($E24<$G24)*(AE24<AG24))+(($E24=$G24)*(AE24=AG24)))-ISBLANK($E24)*(AE24=AG24)+(($E24-$G24)=(AE24-AG24))))) | AL24: : | AN24: =IF(ISBLANK($E24),"",(IF(ISBLANK(AK24),0,IF((($E24=AK24)*($G24=AM24))*NOT(ISBLANK($E24)),1,0)+((($E24>$G24)*(AK24>AM24))+(($E24<$G24)*(AK24<AM24))+(($E24=$G24)*(AK24=AM24)))-ISBLANK($E24)*(AK24=AM24)+(($E24-$G24)=(AK24-AM24))))) | AR24: : | AT24: =IF(ISBLANK($E24),"",(IF(ISBLANK(AQ24),0,IF((($E24=AQ24)*($G24=AS24))*NOT(ISBLANK($E24)),1,0)+((($E24>$G24)*(AQ24>AS24))+(($E24<$G24)*(AQ24<AS24))+(($E24=$G24)*(AQ24=AS24)))-ISBLANK($E24)*(AQ24=AS24)+(($E24-$G24)=(AQ24-AS24))))) | AX24: : | AZ24: =IF(ISBLANK($E24),"",(IF(ISBLANK(AW24),0,IF((($E24=AW24)*($G24=AY24))*NOT(ISBLANK($E24)),1,0)+((($E24>$G24)*(AW24>AY24))+(($E24<$G24)*(AW24<AY24))+(($E24=$G24)*(AW24=AY24)))-ISBLANK($E24)*(AW24=AY24)+(($E24-$G24)=(AW24-AY24))))) | BD24: : | BF24: =IF(ISBLANK($E24),"",(IF(ISBLANK(BC24),0,IF((($E24=BC24)*($G24=BE24))*NOT(ISBLANK($E24)),1,0)+((($E24>$G24)*(BC24>BE24))+(($E24<$G24)*(BC24<BE24))+(($E24=$G24)*(BC24=BE24)))-ISBLANK($E24)*(BC24=BE24)+(($E24-$G24)=(BC24-BE24))))) | BJ24: : | BL24: =IF(ISBLANK($E24),"",(IF(ISBLANK(BI24),0,IF((($E24=BI24)*($G24=BK24))*NOT(ISBLANK($E24)),1,0)+((($E24>$G24)*(BI24>BK24))+(($E24<$G24)*(BI24<BK24))+(($E24=$G24)*(BI24=BK24)))-ISBLANK($E24)*(BI24=BK24)+(($E24-$G24)=(BI24-BK24))))) | BP24: : | BR24: =IF(ISBLANK($E24),"",(IF(ISBLANK(BO24),0,IF((($E24=BO24)*($G24=BQ24))*NOT(ISBLANK($E24)),1,0)+((($E24>$G24)*(BO24>BQ24))+(($E24<$G24)*(BO24<BQ24))+(($E24=$G24)*(BO24=BQ24)))-ISBLANK($E24)*(BO24=BQ24)+(($E24-$G24)=(BO24-BQ24))))) | BV24: : | BX24: =IF(ISBLANK($E24),"",(IF(ISBLANK(BU24),0,IF((($E24=BU24)*($G24=BW24))*NOT(ISBLANK($E24)),1,0)+((($E24>$G24)*(BU24>BW24))+(($E24<$G24)*(BU24<BW24))+(($E24=$G24)*(BU24=BW24)))-ISBLANK($E24)*(BU24=BW24)+(($E24-$G24)=(BU24-BW24))))) | CB24: : | CD24: =IF(ISBLANK($E24),"",(IF(ISBLANK(CA24),0,IF((($E24=CA24)*($G24=CC24))*NOT(ISBLANK($E24)),1,0)+((($E24>$G24)*(CA24>CC24))+(($E24<$G24)*(CA24<CC24))+(($E24=$G24)*(CA24=CC24)))-ISBLANK($E24)*(CA24=CC24)+(($E24-$G24)=(CA24-CC24))))) | CH24: : | CJ24: =IF(ISBLANK($E24),"",(IF(ISBLANK(CG24),0,IF((($E24=CG24)*($G24=CI24))*NOT(ISBLANK($E24)),1,0)+((($E24>$G24)*(CG24>CI24))+(($E24<$G24)*(CG24<CI24))+(($E24=$G24)*(CG24=CI24)))-ISBLANK($E24)*(CG24=CI24)+(($E24-$G24)=(CG24-CI24))))) | CN24: : | CP24: =IF(ISBLANK($E24),"",(IF(ISBLANK(CM24),0,IF((($E24=CM24)*($G24=CO24))*NOT(ISBLANK($E24)),1,0)+((($E24>$G24)*(CM24>CO24))+(($E24<$G24)*(CM24<CO24))+(($E24=$G24)*(CM24=CO24)))-ISBLANK($E24)*(CM24=CO24)+(($E24-$G24)=(CM24-CO24))))) | CT24: : | CV24: =IF(ISBLANK($E24),"",(IF(ISBLANK(CS24),0,IF((($E24=CS24)*($G24=CU24))*NOT(ISBLANK($E24)),1,0)+((($E24>$G24)*(CS24>CU24))+(($E24<$G24)*(CS24<CU24))+(($E24=$G24)*(CS24=CU24)))-ISBLANK($E24)*(CS24=CU24)+(($E24-$G24)=(CS24-CU24))))) | CZ24: : | DB24: =IF(ISBLANK($E24),"",(IF(ISBLANK(CY24),0,IF((($E24=CY24)*($G24=DA24))*NOT(ISBLANK($E24)),1,0)+((($E24>$G24)*(CY24>DA24))+(($E24<$G24)*(CY24<DA24))+(($E24=$G24)*(CY24=DA24)))-ISBLANK($E24)*(CY24=DA24)+(($E24-$G24)=(CY24-DA24))))) | DF24: : | DH24: =IF(ISBLANK($E24),"",(IF(ISBLANK(DE24),0,IF((($E24=DE24)*($G24=DG24))*NOT(ISBLANK($E24)),1,0)+((($E24>$G24)*(DE24>DG24))+(($E24<$G24)*(DE24<DG24))+(($E24=$G24)*(DE24=DG24)))-ISBLANK($E24)*(DE24=DG24)+(($E24-$G24)=(DE24-DG24))))) | DL24: : | DN24: =IF(ISBLANK($E24),"",(IF(ISBLANK(DK24),0,IF((($E24=DK24)*($G24=DM24))*NOT(ISBLANK($E24)),1,0)+((($E24>$G24)*(DK24>DM24))+(($E24<$G24)*(DK24<DM24))+(($E24=$G24)*(DK24=DM24)))-ISBLANK($E24)*(DK24=DM24)+(($E24-$G24)=(DK24-DM24))))) | DR24: : | DT24: =IF(ISBLANK($E24),"",(IF(ISBLANK(DQ24),0,IF((($E24=DQ24)*($G24=DS24))*NOT(ISBLANK($E24)),1,0)+((($E24>$G24)*(DQ24>DS24))+(($E24<$G24)*(DQ24<DS24))+(($E24=$G24)*(DQ24=DS24)))-ISBLANK($E24)*(DQ24=DS24)+(($E24-$G24)=(DQ24-DS24))))) | DX24: : | DZ24: =IF(ISBLANK($E24),"",(IF(ISBLANK(DW24),0,IF((($E24=DW24)*($G24=DY24))*NOT(ISBLANK($E24)),1,0)+((($E24>$G24)*(DW24>DY24))+(($E24<$G24)*(DW24<DY24))+(($E24=$G24)*(DW24=DY24)))-ISBLANK($E24)*(DW24=DY24)+(($E24-$G24)=(DW24-DY24))))) | ED24: : | EF24: =IF(ISBLANK($E24),"",(IF(ISBLANK(EC24),0,IF((($E24=EC24)*($G24=EE24))*NOT(ISBLANK($E24)),1,0)+((($E24>$G24)*(EC24>EE24))+(($E24<$G24)*(EC24<EE24))+(($E24=$G24)*(EC24=EE24)))-ISBLANK($E24)*(EC24=EE24)+(($E24-$G24)=(EC24-EE24))))) | EJ24: : | EL24: =IF(ISBLANK($E24),"",(IF(ISBLANK(EI24),0,IF((($E24=EI24)*($G24=EK24))*NOT(ISBLANK($E24)),1,0)+((($E24>$G24)*(EI24>EK24))+(($E24<$G24)*(EI24<EK24))+(($E24=$G24)*(EI24=EK24)))-ISBLANK($E24)*(EI24=EK24)+(($E24-$G24)=(EI24-EK24))))) | EP24: : | ER24: =IF(ISBLANK($E24),"",(IF(ISBLANK(EO24),0,IF((($E24=EO24)*($G24=EQ24))*NOT(ISBLANK($E24)),1,0)+((($E24>$G24)*(EO24>EQ24))+(($E24<$G24)*(EO24<EQ24))+(($E24=$G24)*(EO24=EQ24)))-ISBLANK($E24)*(EO24=EQ24)+(($E24-$G24)=(EO24-EQ24))))) | EV24: : | EX24: =IF(ISBLANK($E24),"",(IF(ISBLANK(EU24),0,IF((($E24=EU24)*($G24=EW24))*NOT(ISBLANK($E24)),1,0)+((($E24>$G24)*(EU24>EW24))+(($E24<$G24)*(EU24<EW24))+(($E24=$G24)*(EU24=EW24)))-ISBLANK($E24)*(EU24=EW24)+(($E24-$G24)=(EU24-EW24))))) | FB24: : | FD24: =IF(ISBLANK($E24),"",(IF(ISBLANK(FA24),0,IF((($E24=FA24)*($G24=FC24))*NOT(ISBLANK($E24)),1,0)+((($E24>$G24)*(FA24>FC24))+(($E24<$G24)*(FA24<FC24))+(($E24=$G24)*(FA24=FC24)))-ISBLANK($E24)*(FA24=FC24)+(($E24-$G24)=(FA24-FC24))))) | FJ24: =IF(ISBLANK($E24),"",(IF(ISBLANK(FG24),0,IF((($E24=FG24)*($G24=FI24))*NOT(ISBLANK($E24)),1,0)+((($E24>$G24)*(FG24>FI24))+(($E24<$G24)*(FG24<FI24))+(($E24=$G24)*(FG24=FI24)))-ISBLANK($E24)*(FG24=FI24)+(($E24-$G24)=(FG24-FI24))))) | FN24: : | FP24: =IF(ISBLANK($E24),"",(IF(ISBLANK(FM24),0,IF((($E24=FM24)*($G24=FO24))*NOT(ISBLANK($E24)),1,0)+((($E24>$G24)*(FM24>FO24))+(($E24<$G24)*(FM24<FO24))+(($E24=$G24)*(FM24=FO24)))-ISBLANK($E24)*(FM24=FO24)+(($E24-$G24)=(FM24-FO24))))) | FT24: : | FV24: =IF(ISBLANK($E24),"",(IF(ISBLANK(FS24),0,IF((($E24=FS24)*($G24=FU24))*NOT(ISBLANK($E24)),1,0)+((($E24>$G24)*(FS24>FU24))+(($E24<$G24)*(FS24<FU24))+(($E24=$G24)*(FS24=FU24)))-ISBLANK($E24)*(FS24=FU24)+(($E24-$G24)=(FS24-FU24))))) | FZ24: : | GB24: =IF(ISBLANK($E24),"",(IF(ISBLANK(FY24),0,IF((($E24=FY24)*($G24=GA24))*NOT(ISBLANK($E24)),1,0)+((($E24>$G24)*(FY24>GA24))+(($E24<$G24)*(FY24<GA24))+(($E24=$G24)*(FY24=GA24)))-ISBLANK($E24)*(FY24=GA24)+(($E24-$G24)=(FY24-GA24))))) | GF24: : | GH24: =IF(ISBLANK($E24),"",(IF(ISBLANK(GE24),0,IF((($E24=GE24)*($G24=GG24))*NOT(ISBLANK($E24)),1,0)+((($E24>$G24)*(GE24>GG24))+(($E24<$G24)*(GE24<GG24))+(($E24=$G24)*(GE24=GG24)))-ISBLANK($E24)*(GE24=GG24)+(($E24-$G24)=(GE24-GG24))))) | GL24: : | GN24: =IF(ISBLANK($E24),"",(IF(ISBLANK(GK24),0,IF((($E24=GK24)*($G24=GM24))*NOT(ISBLANK($E24)),1,0)+((($E24>$G24)*(GK24>GM24))+(($E24<$G24)*(GK24<GM24))+(($E24=$G24)*(GK24=GM24)))-ISBLANK($E24)*(GK24=GM24)+(($E24-$G24)=(GK24-GM24))))) | GR24: : | GT24: =IF(ISBLANK($E24),"",(IF(ISBLANK(GQ24),0,IF((($E24=GQ24)*($G24=GS24))*NOT(ISBLANK($E24)),1,0)+((($E24>$G24)*(GQ24>GS24))+(($E24<$G24)*(GQ24<GS24))+(($E24=$G24)*(GQ24=GS24)))-ISBLANK($E24)*(GQ24=GS24)+(($E24-$G24)=(GQ24-GS24)))))
C25: : | F25: : | I25: =COUNTIF(P25,3)+COUNTIF(V25,3)+COUNTIF(AB25,3)+COUNTIF(AH25,3)+COUNTIF(AN25,3)+COUNTIF(AT25,3)+COUNTIF(AZ25,3)+COUNTIF(BF25,3)+COUNTIF(BL25,3)+COUNTIF(BR25,3)+COUNTIF(BX25,3)+COUNTIF(CD25,3)+COUNTIF(CJ25,3)+COUNTIF(CP25,3)+COUNTIF(CV25,3)+COUNTIF(DB25,3)+COUNTIF(DH25,3)+COUNTIF(DN25,3)+COUNTIF(DT25,3)+COUNTIF(DZ25,3)+COUNTIF(EF25,3)+COUNTIF(EL25,3)+COUNTIF(ER25,3)+COUNTIF(EX25,3)+COUNTIF(FD25,3)+COUNTIF(FJ25,3)+COUNTIF(FP25,3)+COUNTIF(FV25,3)+COUNTIF(GB25,3)+COUNTIF(GH25,3)+COUNTIF(GN25,3)+COUNTIF(GT25,3) | J25: =COUNTIF(P25,2)+COUNTIF(V25,2)+COUNTIF(AB25,2)+COUNTIF(AH25,2)+COUNTIF(AN25,2)+COUNTIF(AT25,2)+COUNTIF(AZ25,2)+COUNTIF(BF25,2)+COUNTIF(BL25,2)+COUNTIF(BR25,2)+COUNTIF(BX25,2)+COUNTIF(CD25,2)+COUNTIF(CJ25,2)+COUNTIF(CP25,2)+COUNTIF(CV25,2)+COUNTIF(DB25,2)+COUNTIF(DH25,2)+COUNTIF(DN25,2)+COUNTIF(DT25,2)+COUNTIF(DZ25,2)+COUNTIF(EF25,2)+COUNTIF(EL25,2)+COUNTIF(ER25,2)+COUNTIF(EX25,2)+COUNTIF(FD25,2)+COUNTIF(FJ25,2)+COUNTIF(FP25,2)+COUNTIF(FV25,2)+COUNTIF(GB25,2)+COUNTIF(GH25,2)+COUNTIF(GN25,2)+COUNTIF(GT25,2) | K25: =COUNTIF(P25,1)+COUNTIF(V25,1)+COUNTIF(AB25,1)+COUNTIF(AH25,1)+COUNTIF(AN25,1)+COUNTIF(AT25,1)+COUNTIF(AZ25,1)+COUNTIF(BF25,1)+COUNTIF(BL25,1)+COUNTIF(BR25,1)+COUNTIF(BX25,1)+COUNTIF(CD25,1)+COUNTIF(CJ25,1)+COUNTIF(CP25,1)+COUNTIF(CV25,1)+COUNTIF(DB25,1)+COUNTIF(DH25,1)+COUNTIF(DN25,1)+COUNTIF(DT25,1)+COUNTIF(DZ25,1)+COUNTIF(EF25,1)+COUNTIF(EL25,1)+COUNTIF(ER25,1)+COUNTIF(EX25,1)+COUNTIF(FD25,1)+COUNTIF(FJ25,1)+COUNTIF(FP25,1)+COUNTIF(FV25,1)+COUNTIF(GB25,1)+COUNTIF(GH25,1)+COUNTIF(GN25,1)+COUNTIF(GT25,1) | N25: : | P25: =IF(ISBLANK($E25),"",(IF(ISBLANK(M25),0,IF((($E25=M25)*($G25=O25))*NOT(ISBLANK($E25)),1,0)+((($E25>$G25)*(M25>O25))+(($E25<$G25)*(M25<O25))+(($E25=$G25)*(M25=O25)))-ISBLANK($E25)*(M25=O25)+(($E25-$G25)=(M25-O25))))) | T25: : | V25: =IF(ISBLANK($E25),"",(IF(ISBLANK(S25),0,IF((($E25=S25)*($G25=U25))*NOT(ISBLANK($E25)),1,0)+((($E25>$G25)*(S25>U25))+(($E25<$G25)*(S25<U25))+(($E25=$G25)*(S25=U25)))-ISBLANK($E25)*(S25=U25)+(($E25-$G25)=(S25-U25))))) | Z25: : | AB25: =IF(ISBLANK($E25),"",(IF(ISBLANK(Y25),0,IF((($E25=Y25)*($G25=AA25))*NOT(ISBLANK($E25)),1,0)+((($E25>$G25)*(Y25>AA25))+(($E25<$G25)*(Y25<AA25))+(($E25=$G25)*(Y25=AA25)))-ISBLANK($E25)*(Y25=AA25)+(($E25-$G25)=(Y25-AA25))))) | AF25: : | AH25: =IF(ISBLANK($E25),"",(IF(ISBLANK(AE25),0,IF((($E25=AE25)*($G25=AG25))*NOT(ISBLANK($E25)),1,0)+((($E25>$G25)*(AE25>AG25))+(($E25<$G25)*(AE25<AG25))+(($E25=$G25)*(AE25=AG25)))-ISBLANK($E25)*(AE25=AG25)+(($E25-$G25)=(AE25-AG25))))) | AL25: : | AN25: =IF(ISBLANK($E25),"",(IF(ISBLANK(AK25),0,IF((($E25=AK25)*($G25=AM25))*NOT(ISBLANK($E25)),1,0)+((($E25>$G25)*(AK25>AM25))+(($E25<$G25)*(AK25<AM25))+(($E25=$G25)*(AK25=AM25)))-ISBLANK($E25)*(AK25=AM25)+(($E25-$G25)=(AK25-AM25))))) | AR25: : | AT25: =IF(ISBLANK($E25),"",(IF(ISBLANK(AQ25),0,IF((($E25=AQ25)*($G25=AS25))*NOT(ISBLANK($E25)),1,0)+((($E25>$G25)*(AQ25>AS25))+(($E25<$G25)*(AQ25<AS25))+(($E25=$G25)*(AQ25=AS25)))-ISBLANK($E25)*(AQ25=AS25)+(($E25-$G25)=(AQ25-AS25))))) | AX25: : | AZ25: =IF(ISBLANK($E25),"",(IF(ISBLANK(AW25),0,IF((($E25=AW25)*($G25=AY25))*NOT(ISBLANK($E25)),1,0)+((($E25>$G25)*(AW25>AY25))+(($E25<$G25)*(AW25<AY25))+(($E25=$G25)*(AW25=AY25)))-ISBLANK($E25)*(AW25=AY25)+(($E25-$G25)=(AW25-AY25))))) | BD25: : | BF25: =IF(ISBLANK($E25),"",(IF(ISBLANK(BC25),0,IF((($E25=BC25)*($G25=BE25))*NOT(ISBLANK($E25)),1,0)+((($E25>$G25)*(BC25>BE25))+(($E25<$G25)*(BC25<BE25))+(($E25=$G25)*(BC25=BE25)))-ISBLANK($E25)*(BC25=BE25)+(($E25-$G25)=(BC25-BE25))))) | BJ25: : | BL25: =IF(ISBLANK($E25),"",(IF(ISBLANK(BI25),0,IF((($E25=BI25)*($G25=BK25))*NOT(ISBLANK($E25)),1,0)+((($E25>$G25)*(BI25>BK25))+(($E25<$G25)*(BI25<BK25))+(($E25=$G25)*(BI25=BK25)))-ISBLANK($E25)*(BI25=BK25)+(($E25-$G25)=(BI25-BK25))))) | BP25: : | BR25: =IF(ISBLANK($E25),"",(IF(ISBLANK(BO25),0,IF((($E25=BO25)*($G25=BQ25))*NOT(ISBLANK($E25)),1,0)+((($E25>$G25)*(BO25>BQ25))+(($E25<$G25)*(BO25<BQ25))+(($E25=$G25)*(BO25=BQ25)))-ISBLANK($E25)*(BO25=BQ25)+(($E25-$G25)=(BO25-BQ25))))) | BV25: : | BX25: =IF(ISBLANK($E25),"",(IF(ISBLANK(BU25),0,IF((($E25=BU25)*($G25=BW25))*NOT(ISBLANK($E25)),1,0)+((($E25>$G25)*(BU25>BW25))+(($E25<$G25)*(BU25<BW25))+(($E25=$G25)*(BU25=BW25)))-ISBLANK($E25)*(BU25=BW25)+(($E25-$G25)=(BU25-BW25))))) | CB25: : | CD25: =IF(ISBLANK($E25),"",(IF(ISBLANK(CA25),0,IF((($E25=CA25)*($G25=CC25))*NOT(ISBLANK($E25)),1,0)+((($E25>$G25)*(CA25>CC25))+(($E25<$G25)*(CA25<CC25))+(($E25=$G25)*(CA25=CC25)))-ISBLANK($E25)*(CA25=CC25)+(($E25-$G25)=(CA25-CC25))))) | CH25: : | CJ25: =IF(ISBLANK($E25),"",(IF(ISBLANK(CG25),0,IF((($E25=CG25)*($G25=CI25))*NOT(ISBLANK($E25)),1,0)+((($E25>$G25)*(CG25>CI25))+(($E25<$G25)*(CG25<CI25))+(($E25=$G25)*(CG25=CI25)))-ISBLANK($E25)*(CG25=CI25)+(($E25-$G25)=(CG25-CI25))))) | CN25: : | CP25: =IF(ISBLANK($E25),"",(IF(ISBLANK(CM25),0,IF((($E25=CM25)*($G25=CO25))*NOT(ISBLANK($E25)),1,0)+((($E25>$G25)*(CM25>CO25))+(($E25<$G25)*(CM25<CO25))+(($E25=$G25)*(CM25=CO25)))-ISBLANK($E25)*(CM25=CO25)+(($E25-$G25)=(CM25-CO25))))) | CT25: : | CV25: =IF(ISBLANK($E25),"",(IF(ISBLANK(CS25),0,IF((($E25=CS25)*($G25=CU25))*NOT(ISBLANK($E25)),1,0)+((($E25>$G25)*(CS25>CU25))+(($E25<$G25)*(CS25<CU25))+(($E25=$G25)*(CS25=CU25)))-ISBLANK($E25)*(CS25=CU25)+(($E25-$G25)=(CS25-CU25))))) | CZ25: : | DB25: =IF(ISBLANK($E25),"",(IF(ISBLANK(CY25),0,IF((($E25=CY25)*($G25=DA25))*NOT(ISBLANK($E25)),1,0)+((($E25>$G25)*(CY25>DA25))+(($E25<$G25)*(CY25<DA25))+(($E25=$G25)*(CY25=DA25)))-ISBLANK($E25)*(CY25=DA25)+(($E25-$G25)=(CY25-DA25))))) | DF25: : | DH25: =IF(ISBLANK($E25),"",(IF(ISBLANK(DE25),0,IF((($E25=DE25)*($G25=DG25))*NOT(ISBLANK($E25)),1,0)+((($E25>$G25)*(DE25>DG25))+(($E25<$G25)*(DE25<DG25))+(($E25=$G25)*(DE25=DG25)))-ISBLANK($E25)*(DE25=DG25)+(($E25-$G25)=(DE25-DG25))))) | DL25: : | DN25: =IF(ISBLANK($E25),"",(IF(ISBLANK(DK25),0,IF((($E25=DK25)*($G25=DM25))*NOT(ISBLANK($E25)),1,0)+((($E25>$G25)*(DK25>DM25))+(($E25<$G25)*(DK25<DM25))+(($E25=$G25)*(DK25=DM25)))-ISBLANK($E25)*(DK25=DM25)+(($E25-$G25)=(DK25-DM25))))) | DR25: : | DT25: =IF(ISBLANK($E25),"",(IF(ISBLANK(DQ25),0,IF((($E25=DQ25)*($G25=DS25))*NOT(ISBLANK($E25)),1,0)+((($E25>$G25)*(DQ25>DS25))+(($E25<$G25)*(DQ25<DS25))+(($E25=$G25)*(DQ25=DS25)))-ISBLANK($E25)*(DQ25=DS25)+(($E25-$G25)=(DQ25-DS25))))) | DX25: : | DZ25: =IF(ISBLANK($E25),"",(IF(ISBLANK(DW25),0,IF((($E25=DW25)*($G25=DY25))*NOT(ISBLANK($E25)),1,0)+((($E25>$G25)*(DW25>DY25))+(($E25<$G25)*(DW25<DY25))+(($E25=$G25)*(DW25=DY25)))-ISBLANK($E25)*(DW25=DY25)+(($E25-$G25)=(DW25-DY25))))) | ED25: : | EF25: =IF(ISBLANK($E25),"",(IF(ISBLANK(EC25),0,IF((($E25=EC25)*($G25=EE25))*NOT(ISBLANK($E25)),1,0)+((($E25>$G25)*(EC25>EE25))+(($E25<$G25)*(EC25<EE25))+(($E25=$G25)*(EC25=EE25)))-ISBLANK($E25)*(EC25=EE25)+(($E25-$G25)=(EC25-EE25))))) | EJ25: : | EL25: =IF(ISBLANK($E25),"",(IF(ISBLANK(EI25),0,IF((($E25=EI25)*($G25=EK25))*NOT(ISBLANK($E25)),1,0)+((($E25>$G25)*(EI25>EK25))+(($E25<$G25)*(EI25<EK25))+(($E25=$G25)*(EI25=EK25)))-ISBLANK($E25)*(EI25=EK25)+(($E25-$G25)=(EI25-EK25))))) | EP25: : | ER25: =IF(ISBLANK($E25),"",(IF(ISBLANK(EO25),0,IF((($E25=EO25)*($G25=EQ25))*NOT(ISBLANK($E25)),1,0)+((($E25>$G25)*(EO25>EQ25))+(($E25<$G25)*(EO25<EQ25))+(($E25=$G25)*(EO25=EQ25)))-ISBLANK($E25)*(EO25=EQ25)+(($E25-$G25)=(EO25-EQ25))))) | EV25: : | EX25: =IF(ISBLANK($E25),"",(IF(ISBLANK(EU25),0,IF((($E25=EU25)*($G25=EW25))*NOT(ISBLANK($E25)),1,0)+((($E25>$G25)*(EU25>EW25))+(($E25<$G25)*(EU25<EW25))+(($E25=$G25)*(EU25=EW25)))-ISBLANK($E25)*(EU25=EW25)+(($E25-$G25)=(EU25-EW25))))) | FB25: : | FD25: =IF(ISBLANK($E25),"",(IF(ISBLANK(FA25),0,IF((($E25=FA25)*($G25=FC25))*NOT(ISBLANK($E25)),1,0)+((($E25>$G25)*(FA25>FC25))+(($E25<$G25)*(FA25<FC25))+(($E25=$G25)*(FA25=FC25)))-ISBLANK($E25)*(FA25=FC25)+(($E25-$G25)=(FA25-FC25))))) | FJ25: =IF(ISBLANK($E25),"",(IF(ISBLANK(FG25),0,IF((($E25=FG25)*($G25=FI25))*NOT(ISBLANK($E25)),1,0)+((($E25>$G25)*(FG25>FI25))+(($E25<$G25)*(FG25<FI25))+(($E25=$G25)*(FG25=FI25)))-ISBLANK($E25)*(FG25=FI25)+(($E25-$G25)=(FG25-FI25))))) | FN25: : | FP25: =IF(ISBLANK($E25),"",(IF(ISBLANK(FM25),0,IF((($E25=FM25)*($G25=FO25))*NOT(ISBLANK($E25)),1,0)+((($E25>$G25)*(FM25>FO25))+(($E25<$G25)*(FM25<FO25))+(($E25=$G25)*(FM25=FO25)))-ISBLANK($E25)*(FM25=FO25)+(($E25-$G25)=(FM25-FO25))))) | FT25: : | FV25: =IF(ISBLANK($E25),"",(IF(ISBLANK(FS25),0,IF((($E25=FS25)*($G25=FU25))*NOT(ISBLANK($E25)),1,0)+((($E25>$G25)*(FS25>FU25))+(($E25<$G25)*(FS25<FU25))+(($E25=$G25)*(FS25=FU25)))-ISBLANK($E25)*(FS25=FU25)+(($E25-$G25)=(FS25-FU25))))) | FZ25: : | GB25: =IF(ISBLANK($E25),"",(IF(ISBLANK(FY25),0,IF((($E25=FY25)*($G25=GA25))*NOT(ISBLANK($E25)),1,0)+((($E25>$G25)*(FY25>GA25))+(($E25<$G25)*(FY25<GA25))+(($E25=$G25)*(FY25=GA25)))-ISBLANK($E25)*(FY25=GA25)+(($E25-$G25)=(FY25-GA25))))) | GF25: : | GH25: =IF(ISBLANK($E25),"",(IF(ISBLANK(GE25),0,IF((($E25=GE25)*($G25=GG25))*NOT(ISBLANK($E25)),1,0)+((($E25>$G25)*(GE25>GG25))+(($E25<$G25)*(GE25<GG25))+(($E25=$G25)*(GE25=GG25)))-ISBLANK($E25)*(GE25=GG25)+(($E25-$G25)=(GE25-GG25))))) | GL25: : | GN25: =IF(ISBLANK($E25),"",(IF(ISBLANK(GK25),0,IF((($E25=GK25)*($G25=GM25))*NOT(ISBLANK($E25)),1,0)+((($E25>$G25)*(GK25>GM25))+(($E25<$G25)*(GK25<GM25))+(($E25=$G25)*(GK25=GM25)))-ISBLANK($E25)*(GK25=GM25)+(($E25-$G25)=(GK25-GM25))))) | GR25: : | GT25: =IF(ISBLANK($E25),"",(IF(ISBLANK(GQ25),0,IF((($E25=GQ25)*($G25=GS25))*NOT(ISBLANK($E25)),1,0)+((($E25>$G25)*(GQ25>GS25))+(($E25<$G25)*(GQ25<GS25))+(($E25=$G25)*(GQ25=GS25)))-ISBLANK($E25)*(GQ25=GS25)+(($E25-$G25)=(GQ25-GS25)))))
C26: : | F26: : | I26: =COUNTIF(P26,3)+COUNTIF(V26,3)+COUNTIF(AB26,3)+COUNTIF(AH26,3)+COUNTIF(AN26,3)+COUNTIF(AT26,3)+COUNTIF(AZ26,3)+COUNTIF(BF26,3)+COUNTIF(BL26,3)+COUNTIF(BR26,3)+COUNTIF(BX26,3)+COUNTIF(CD26,3)+COUNTIF(CJ26,3)+COUNTIF(CP26,3)+COUNTIF(CV26,3)+COUNTIF(DB26,3)+COUNTIF(DH26,3)+COUNTIF(DN26,3)+COUNTIF(DT26,3)+COUNTIF(DZ26,3)+COUNTIF(EF26,3)+COUNTIF(EL26,3)+COUNTIF(ER26,3)+COUNTIF(EX26,3)+COUNTIF(FD26,3)+COUNTIF(FJ26,3)+COUNTIF(FP26,3)+COUNTIF(FV26,3)+COUNTIF(GB26,3)+COUNTIF(GH26,3)+COUNTIF(GN26,3)+COUNTIF(GT26,3) | J26: =COUNTIF(P26,2)+COUNTIF(V26,2)+COUNTIF(AB26,2)+COUNTIF(AH26,2)+COUNTIF(AN26,2)+COUNTIF(AT26,2)+COUNTIF(AZ26,2)+COUNTIF(BF26,2)+COUNTIF(BL26,2)+COUNTIF(BR26,2)+COUNTIF(BX26,2)+COUNTIF(CD26,2)+COUNTIF(CJ26,2)+COUNTIF(CP26,2)+COUNTIF(CV26,2)+COUNTIF(DB26,2)+COUNTIF(DH26,2)+COUNTIF(DN26,2)+COUNTIF(DT26,2)+COUNTIF(DZ26,2)+COUNTIF(EF26,2)+COUNTIF(EL26,2)+COUNTIF(ER26,2)+COUNTIF(EX26,2)+COUNTIF(FD26,2)+COUNTIF(FJ26,2)+COUNTIF(FP26,2)+COUNTIF(FV26,2)+COUNTIF(GB26,2)+COUNTIF(GH26,2)+COUNTIF(GN26,2)+COUNTIF(GT26,2) | K26: =COUNTIF(P26,1)+COUNTIF(V26,1)+COUNTIF(AB26,1)+COUNTIF(AH26,1)+COUNTIF(AN26,1)+COUNTIF(AT26,1)+COUNTIF(AZ26,1)+COUNTIF(BF26,1)+COUNTIF(BL26,1)+COUNTIF(BR26,1)+COUNTIF(BX26,1)+COUNTIF(CD26,1)+COUNTIF(CJ26,1)+COUNTIF(CP26,1)+COUNTIF(CV26,1)+COUNTIF(DB26,1)+COUNTIF(DH26,1)+COUNTIF(DN26,1)+COUNTIF(DT26,1)+COUNTIF(DZ26,1)+COUNTIF(EF26,1)+COUNTIF(EL26,1)+COUNTIF(ER26,1)+COUNTIF(EX26,1)+COUNTIF(FD26,1)+COUNTIF(FJ26,1)+COUNTIF(FP26,1)+COUNTIF(FV26,1)+COUNTIF(GB26,1)+COUNTIF(GH26,1)+COUNTIF(GN26,1)+COUNTIF(GT26,1) | N26: : | P26: =IF(ISBLANK($E26),"",(IF(ISBLANK(M26),0,IF((($E26=M26)*($G26=O26))*NOT(ISBLANK($E26)),1,0)+((($E26>$G26)*(M26>O26))+(($E26<$G26)*(M26<O26))+(($E26=$G26)*(M26=O26)))-ISBLANK($E26)*(M26=O26)+(($E26-$G26)=(M26-O26))))) | T26: : | V26: =IF(ISBLANK($E26),"",(IF(ISBLANK(S26),0,IF((($E26=S26)*($G26=U26))*NOT(ISBLANK($E26)),1,0)+((($E26>$G26)*(S26>U26))+(($E26<$G26)*(S26<U26))+(($E26=$G26)*(S26=U26)))-ISBLANK($E26)*(S26=U26)+(($E26-$G26)=(S26-U26))))) | Z26: : | AB26: =IF(ISBLANK($E26),"",(IF(ISBLANK(Y26),0,IF((($E26=Y26)*($G26=AA26))*NOT(ISBLANK($E26)),1,0)+((($E26>$G26)*(Y26>AA26))+(($E26<$G26)*(Y26<AA26))+(($E26=$G26)*(Y26=AA26)))-ISBLANK($E26)*(Y26=AA26)+(($E26-$G26)=(Y26-AA26))))) | AF26: : | AH26: =IF(ISBLANK($E26),"",(IF(ISBLANK(AE26),0,IF((($E26=AE26)*($G26=AG26))*NOT(ISBLANK($E26)),1,0)+((($E26>$G26)*(AE26>AG26))+(($E26<$G26)*(AE26<AG26))+(($E26=$G26)*(AE26=AG26)))-ISBLANK($E26)*(AE26=AG26)+(($E26-$G26)=(AE26-AG26))))) | AL26: : | AN26: =IF(ISBLANK($E26),"",(IF(ISBLANK(AK26),0,IF((($E26=AK26)*($G26=AM26))*NOT(ISBLANK($E26)),1,0)+((($E26>$G26)*(AK26>AM26))+(($E26<$G26)*(AK26<AM26))+(($E26=$G26)*(AK26=AM26)))-ISBLANK($E26)*(AK26=AM26)+(($E26-$G26)=(AK26-AM26))))) | AR26: : | AT26: =IF(ISBLANK($E26),"",(IF(ISBLANK(AQ26),0,IF((($E26=AQ26)*($G26=AS26))*NOT(ISBLANK($E26)),1,0)+((($E26>$G26)*(AQ26>AS26))+(($E26<$G26)*(AQ26<AS26))+(($E26=$G26)*(AQ26=AS26)))-ISBLANK($E26)*(AQ26=AS26)+(($E26-$G26)=(AQ26-AS26))))) | AX26: : | AZ26: =IF(ISBLANK($E26),"",(IF(ISBLANK(AW26),0,IF((($E26=AW26)*($G26=AY26))*NOT(ISBLANK($E26)),1,0)+((($E26>$G26)*(AW26>AY26))+(($E26<$G26)*(AW26<AY26))+(($E26=$G26)*(AW26=AY26)))-ISBLANK($E26)*(AW26=AY26)+(($E26-$G26)=(AW26-AY26))))) | BD26: : | BF26: =IF(ISBLANK($E26),"",(IF(ISBLANK(BC26),0,IF((($E26=BC26)*($G26=BE26))*NOT(ISBLANK($E26)),1,0)+((($E26>$G26)*(BC26>BE26))+(($E26<$G26)*(BC26<BE26))+(($E26=$G26)*(BC26=BE26)))-ISBLANK($E26)*(BC26=BE26)+(($E26-$G26)=(BC26-BE26))))) | BJ26: : | BL26: =IF(ISBLANK($E26),"",(IF(ISBLANK(BI26),0,IF((($E26=BI26)*($G26=BK26))*NOT(ISBLANK($E26)),1,0)+((($E26>$G26)*(BI26>BK26))+(($E26<$G26)*(BI26<BK26))+(($E26=$G26)*(BI26=BK26)))-ISBLANK($E26)*(BI26=BK26)+(($E26-$G26)=(BI26-BK26))))) | BP26: : | BR26: =IF(ISBLANK($E26),"",(IF(ISBLANK(BO26),0,IF((($E26=BO26)*($G26=BQ26))*NOT(ISBLANK($E26)),1,0)+((($E26>$G26)*(BO26>BQ26))+(($E26<$G26)*(BO26<BQ26))+(($E26=$G26)*(BO26=BQ26)))-ISBLANK($E26)*(BO26=BQ26)+(($E26-$G26)=(BO26-BQ26))))) | BV26: : | BX26: =IF(ISBLANK($E26),"",(IF(ISBLANK(BU26),0,IF((($E26=BU26)*($G26=BW26))*NOT(ISBLANK($E26)),1,0)+((($E26>$G26)*(BU26>BW26))+(($E26<$G26)*(BU26<BW26))+(($E26=$G26)*(BU26=BW26)))-ISBLANK($E26)*(BU26=BW26)+(($E26-$G26)=(BU26-BW26))))) | CB26: : | CD26: =IF(ISBLANK($E26),"",(IF(ISBLANK(CA26),0,IF((($E26=CA26)*($G26=CC26))*NOT(ISBLANK($E26)),1,0)+((($E26>$G26)*(CA26>CC26))+(($E26<$G26)*(CA26<CC26))+(($E26=$G26)*(CA26=CC26)))-ISBLANK($E26)*(CA26=CC26)+(($E26-$G26)=(CA26-CC26))))) | CH26: : | CJ26: =IF(ISBLANK($E26),"",(IF(ISBLANK(CG26),0,IF((($E26=CG26)*($G26=CI26))*NOT(ISBLANK($E26)),1,0)+((($E26>$G26)*(CG26>CI26))+(($E26<$G26)*(CG26<CI26))+(($E26=$G26)*(CG26=CI26)))-ISBLANK($E26)*(CG26=CI26)+(($E26-$G26)=(CG26-CI26))))) | CN26: : | CP26: =IF(ISBLANK($E26),"",(IF(ISBLANK(CM26),0,IF((($E26=CM26)*($G26=CO26))*NOT(ISBLANK($E26)),1,0)+((($E26>$G26)*(CM26>CO26))+(($E26<$G26)*(CM26<CO26))+(($E26=$G26)*(CM26=CO26)))-ISBLANK($E26)*(CM26=CO26)+(($E26-$G26)=(CM26-CO26))))) | CT26: : | CV26: =IF(ISBLANK($E26),"",(IF(ISBLANK(CS26),0,IF((($E26=CS26)*($G26=CU26))*NOT(ISBLANK($E26)),1,0)+((($E26>$G26)*(CS26>CU26))+(($E26<$G26)*(CS26<CU26))+(($E26=$G26)*(CS26=CU26)))-ISBLANK($E26)*(CS26=CU26)+(($E26-$G26)=(CS26-CU26))))) | CZ26: : | DB26: =IF(ISBLANK($E26),"",(IF(ISBLANK(CY26),0,IF((($E26=CY26)*($G26=DA26))*NOT(ISBLANK($E26)),1,0)+((($E26>$G26)*(CY26>DA26))+(($E26<$G26)*(CY26<DA26))+(($E26=$G26)*(CY26=DA26)))-ISBLANK($E26)*(CY26=DA26)+(($E26-$G26)=(CY26-DA26))))) | DF26: : | DH26: =IF(ISBLANK($E26),"",(IF(ISBLANK(DE26),0,IF((($E26=DE26)*($G26=DG26))*NOT(ISBLANK($E26)),1,0)+((($E26>$G26)*(DE26>DG26))+(($E26<$G26)*(DE26<DG26))+(($E26=$G26)*(DE26=DG26)))-ISBLANK($E26)*(DE26=DG26)+(($E26-$G26)=(DE26-DG26))))) | DL26: : | DN26: =IF(ISBLANK($E26),"",(IF(ISBLANK(DK26),0,IF((($E26=DK26)*($G26=DM26))*NOT(ISBLANK($E26)),1,0)+((($E26>$G26)*(DK26>DM26))+(($E26<$G26)*(DK26<DM26))+(($E26=$G26)*(DK26=DM26)))-ISBLANK($E26)*(DK26=DM26)+(($E26-$G26)=(DK26-DM26))))) | DR26: : | DT26: =IF(ISBLANK($E26),"",(IF(ISBLANK(DQ26),0,IF((($E26=DQ26)*($G26=DS26))*NOT(ISBLANK($E26)),1,0)+((($E26>$G26)*(DQ26>DS26))+(($E26<$G26)*(DQ26<DS26))+(($E26=$G26)*(DQ26=DS26)))-ISBLANK($E26)*(DQ26=DS26)+(($E26-$G26)=(DQ26-DS26))))) | DX26: : | DZ26: =IF(ISBLANK($E26),"",(IF(ISBLANK(DW26),0,IF((($E26=DW26)*($G26=DY26))*NOT(ISBLANK($E26)),1,0)+((($E26>$G26)*(DW26>DY26))+(($E26<$G26)*(DW26<DY26))+(($E26=$G26)*(DW26=DY26)))-ISBLANK($E26)*(DW26=DY26)+(($E26-$G26)=(DW26-DY26))))) | ED26: : | EF26: =IF(ISBLANK($E26),"",(IF(ISBLANK(EC26),0,IF((($E26=EC26)*($G26=EE26))*NOT(ISBLANK($E26)),1,0)+((($E26>$G26)*(EC26>EE26))+(($E26<$G26)*(EC26<EE26))+(($E26=$G26)*(EC26=EE26)))-ISBLANK($E26)*(EC26=EE26)+(($E26-$G26)=(EC26-EE26))))) | EJ26: : | EL26: =IF(ISBLANK($E26),"",(IF(ISBLANK(EI26),0,IF((($E26=EI26)*($G26=EK26))*NOT(ISBLANK($E26)),1,0)+((($E26>$G26)*(EI26>EK26))+(($E26<$G26)*(EI26<EK26))+(($E26=$G26)*(EI26=EK26)))-ISBLANK($E26)*(EI26=EK26)+(($E26-$G26)=(EI26-EK26))))) | EP26: : | ER26: =IF(ISBLANK($E26),"",(IF(ISBLANK(EO26),0,IF((($E26=EO26)*($G26=EQ26))*NOT(ISBLANK($E26)),1,0)+((($E26>$G26)*(EO26>EQ26))+(($E26<$G26)*(EO26<EQ26))+(($E26=$G26)*(EO26=EQ26)))-ISBLANK($E26)*(EO26=EQ26)+(($E26-$G26)=(EO26-EQ26))))) | EV26: : | EX26: =IF(ISBLANK($E26),"",(IF(ISBLANK(EU26),0,IF((($E26=EU26)*($G26=EW26))*NOT(ISBLANK($E26)),1,0)+((($E26>$G26)*(EU26>EW26))+(($E26<$G26)*(EU26<EW26))+(($E26=$G26)*(EU26=EW26)))-ISBLANK($E26)*(EU26=EW26)+(($E26-$G26)=(EU26-EW26))))) | FB26: : | FD26: =IF(ISBLANK($E26),"",(IF(ISBLANK(FA26),0,IF((($E26=FA26)*($G26=FC26))*NOT(ISBLANK($E26)),1,0)+((($E26>$G26)*(FA26>FC26))+(($E26<$G26)*(FA26<FC26))+(($E26=$G26)*(FA26=FC26)))-ISBLANK($E26)*(FA26=FC26)+(($E26-$G26)=(FA26-FC26))))) | FH26: : | FJ26: =IF(ISBLANK($E26),"",(IF(ISBLANK(FG26),0,IF((($E26=FG26)*($G26=FI26))*NOT(ISBLANK($E26)),1,0)+((($E26>$G26)*(FG26>FI26))+(($E26<$G26)*(FG26<FI26))+(($E26=$G26)*(FG26=FI26)))-ISBLANK($E26)*(FG26=FI26)+(($E26-$G26)=(FG26-FI26))))) | FN26: : | FP26: =IF(ISBLANK($E26),"",(IF(ISBLANK(FM26),0,IF((($E26=FM26)*($G26=FO26))*NOT(ISBLANK($E26)),1,0)+((($E26>$G26)*(FM26>FO26))+(($E26<$G26)*(FM26<FO26))+(($E26=$G26)*(FM26=FO26)))-ISBLANK($E26)*(FM26=FO26)+(($E26-$G26)=(FM26-FO26))))) | FT26: : | FV26: =IF(ISBLANK($E26),"",(IF(ISBLANK(FS26),0,IF((($E26=FS26)*($G26=FU26))*NOT(ISBLANK($E26)),1,0)+((($E26>$G26)*(FS26>FU26))+(($E26<$G26)*(FS26<FU26))+(($E26=$G26)*(FS26=FU26)))-ISBLANK($E26)*(FS26=FU26)+(($E26-$G26)=(FS26-FU26))))) | FZ26: : | GB26: =IF(ISBLANK($E26),"",(IF(ISBLANK(FY26),0,IF((($E26=FY26)*($G26=GA26))*NOT(ISBLANK($E26)),1,0)+((($E26>$G26)*(FY26>GA26))+(($E26<$G26)*(FY26<GA26))+(($E26=$G26)*(FY26=GA26)))-ISBLANK($E26)*(FY26=GA26)+(($E26-$G26)=(FY26-GA26))))) | GF26: : | GH26: =IF(ISBLANK($E26),"",(IF(ISBLANK(GE26),0,IF((($E26=GE26)*($G26=GG26))*NOT(ISBLANK($E26)),1,0)+((($E26>$G26)*(GE26>GG26))+(($E26<$G26)*(GE26<GG26))+(($E26=$G26)*(GE26=GG26)))-ISBLANK($E26)*(GE26=GG26)+(($E26-$G26)=(GE26-GG26))))) | GL26: : | GN26: =IF(ISBLANK($E26),"",(IF(ISBLANK(GK26),0,IF((($E26=GK26)*($G26=GM26))*NOT(ISBLANK($E26)),1,0)+((($E26>$G26)*(GK26>GM26))+(($E26<$G26)*(GK26<GM26))+(($E26=$G26)*(GK26=GM26)))-ISBLANK($E26)*(GK26=GM26)+(($E26-$G26)=(GK26-GM26))))) | GR26: : | GT26: =IF(ISBLANK($E26),"",(IF(ISBLANK(GQ26),0,IF((($E26=GQ26)*($G26=GS26))*NOT(ISBLANK($E26)),1,0)+((($E26>$G26)*(GQ26>GS26))+(($E26<$G26)*(GQ26<GS26))+(($E26=$G26)*(GQ26=GS26)))-ISBLANK($E26)*(GQ26=GS26)+(($E26-$G26)=(GQ26-GS26)))))
N29: 1 | O29: 2 | P29: Ges | Q29: Total | T29: 1 | U29: 2 | V29: Ges | W29: Total | Z29: 1 | AA29: 2 | AB29: Ges | AC29: Total | AF29: 1 | AG29: 2 | AH29: Ges | AI29: Total | AL29: 1 | AM29: 2 | AN29: Ges | AO29: Total | AR29: 1 | AS29: 2 | AT29: Ges | AU29: Total | AX29: 1 | AY29: 2 | AZ29: Ges | BA29: Total | BD29: 1 | BE29: 2 | BF29: Ges | BG29: Total | BJ29: 1 | BK29: 2 | BL29: Ges | BM29: Total | BP29: 1 | BQ29: 2 | BR29: Ges | BS29: Total | BV29: 1 | BW29: 2 | BX29: Ges | BY29: Total | CB29: 1 | CC29: 2 | CD29: Ges | CE29: Total | CH29: 1 | CI29: 2 | CJ29: Ges | CK29: Total | CN29: 1 | CO29: 2 | CP29: Ges | CQ29: Total | CT29: 1 | CU29: 2 | CV29: Ges | CW29: Total | CZ29: 1 | DA29: 2 | DB29: Ges | DC29: Total | DF29: 1 | DG29: 2 | DH29: Ges | DI29: Total | DL29: 1 | DM29: 2 | DN29: Ges | DO29: Total | DR29: 1 | DS29: 2 | DT29: Ges | DU29: Total | DX29: 1 | DY29: 2 | DZ29: Ges | EA29: Total | ED29: 1 | EE29: 2 | EF29: Ges | EG29: Total | EJ29: 1 | EK29: 2 | EL29: Ges | EM29: Total | EP29: 1 | EQ29: 2 | ER29: Ges | ES29: Total | EV29: 1 | EW29: 2 | EX29: Ges | EY29: Total | FB29: 1 | FC29: 2 | FD29: Ges | FE29: Total | FH29: 1 | FI29: 2 | FJ29: Ges | FK29: Total | FN29: 1 | FO29: 2 | FP29: Ges | FQ29: Total | FT29: 1 | FU29: 2 | FV29: Ges | FW29: Total | FZ29: 1 | GA29: 2 | GB29: Ges | GC29: Total | GF29: 1 | GG29: 2 | GH29: Ges | GI29: Total | GL29: 1 | GM29: 2 | GN29: Ges | GO29: Total | GR29: 1 | GS29: 2 | GT29: Ges | GU29: Total
B30: mail tippleitung:
B31: winzer@ttmediaworld.de (Jukkel) | M31: Fr | P31: =SUM(N31,O31) | Q31: =SUM(P31) | S31: Fr | V31: =SUM(T31,U31) | W31: =SUM(V31) | Y31: Fr | AB31: =SUM(Z31,AA31) | AC31: =SUM(AB31) | AE31: Fr | AH31: =SUM(AF31,AG31) | AI31: =SUM(AH31) | AK31: Fr | AN31: =SUM(AL31,AM31) | AO31: =SUM(AN31) | AQ31: Fr | AT31: =SUM(AR31,AS31) | AU31: =SUM(AT31) | AW31: Fr | AZ31: =SUM(AX31,AY31) | BA31: =SUM(AZ31) | BC31: Fr | BF31: =SUM(BD31,BE31) | BG31: =SUM(BF31) | BI31: Fr | BL31: =SUM(BJ31,BK31) | BM31: =SUM(BL31) | BO31: Fr | BR31: =SUM(BP31,BQ31) | BS31: =SUM(BR31) | BU31: Fr | BX31: =SUM(BV31,BW31) | BY31: =SUM(BX31) | CA31: Fr | CD31: =SUM(CB31,CC31) | CE31: =SUM(CD31) | CG31: Fr | CJ31: =SUM(CH31,CI31) | CK31: =SUM(CJ31) | CM31: Fr | CP31: =SUM(CN31,CO31) | CQ31: =SUM(CP31) | CS31: Fr | CV31: =SUM(CT31,CU31) | CW31: =SUM(CV31) | CY31: Fr | DB31: =SUM(CZ31,DA31) | DC31: =SUM(DB31) | DE31: Fr | DH31: =SUM(DF31,DG31) | DI31: =SUM(DH31) | DK31: Fr | DN31: =SUM(DL31,DM31) | DO31: =SUM(DN31) | DQ31: Fr | DT31: =SUM(DR31,DS31) | DU31: =SUM(DT31) | DW31: Fr | DZ31: =SUM(DX31,DY31) | EA31: =SUM(DZ31) | EC31: Fr | EF31: =SUM(ED31,EE31) | EG31: =SUM(EF31) | EI31: Fr | EL31: =SUM(EJ31,EK31) | EM31: =SUM(EL31) | EO31: Fr | ER31: =SUM(EP31,EQ31) | ES31: =SUM(ER31) | EU31: Fr | EX31: =SUM(EV31,EW31) | EY31: =SUM(EX31) | FA31: Fr | FD31: =SUM(FB31,FC31) | FE31: =SUM(FD31) | FG31: Fr | FJ31: =SUM(FH31,FI31) | FK31: =SUM(FJ31) | FM31: Fr | FP31: =SUM(FN31,FO31) | FQ31: =SUM(FP31) | FS31: Fr | FV31: =SUM(FT31,FU31) | FW31: =SUM(FV31) | FY31: Fr | GB31: =SUM(FZ31,GA31) | GC31: =SUM(GB31) | GE31: Fr | GH31: =SUM(GF31,GG31) | GI31: =SUM(GH31) | GK31: Fr | GN31: =SUM(GL31,GM31) | GO31: =SUM(GN31) | GQ31: Fr | GT31: =SUM(GR31,GS31) | GU31: =SUM(GT31)
B32: rainer.muenchenbach@t-online.de (Bächli)
M33: Sa | N33: =SUM(P6,P7,P8,P9,P10,P11,P12,P13,P14) | P33: =SUM(N33,O33) | Q33: =SUM(P33,Q31) | S33: Sa | T33: =SUM(V6,V7,V8,V9,V10,V11,V12,V13,V14) | V33: =SUM(T33,U33) | W33: =SUM(V33,W31) | Y33: Sa | Z33: =SUM(AB6,AB7,AB8,AB9,AB10,AB11,AB12,AB13,AB14) | AB33: =SUM(Z33,AA33) | AC33: =SUM(AB33,AC31) | AE33: Sa | AF33: =SUM(AH6,AH7,AH8,AH9,AH10,AH11,AH12,AH13,AH14) | AH33: =SUM(AF33,AG33) | AI33: =SUM(AH33,AI31) | AK33: Sa | AL33: =SUM(AN6,AN7,AN8,AN9,AN10,AN11,AN12,AN13,AN14) | AN33: =SUM(AL33,AM33) | AO33: =SUM(AN33,AO31) | AQ33: Sa | AR33: =SUM(AT6,AT7,AT8,AT9,AT10,AT11,AT12,AT13,AT14) | AT33: =SUM(AR33,AS33) | AU33: =SUM(AT33,AU31) | AW33: Sa | AX33: =SUM(AZ6,AZ7,AZ8,AZ9,AZ10,AZ11,AZ12,AZ13,AZ14) | AZ33: =SUM(AX33,AY33) | BA33: =SUM(AZ33,BA31) | BC33: Sa | BD33: =SUM(BF6,BF7,BF8,BF9,BF10,BF11,BF12,BF13,BF14) | BF33: =SUM(BD33,BE33) | BG33: =SUM(BF33,BG31) | BI33: Sa | BJ33: =SUM(BL6,BL7,BL8,BL9,BL10,BL11,BL12,BL13,BL14) | BL33: =SUM(BJ33,BK33) | BM33: =SUM(BL33,BM31) | BO33: Sa | BP33: =SUM(BR6,BR7,BR8,BR9,BR10,BR11,BR12,BR13,BR14) | BR33: =SUM(BP33,BQ33) | BS33: =SUM(BR33,BS31) | BU33: Sa | BV33: =SUM(BX6,BX7,BX8,BX9,BX10,BX11,BX12,BX13,BX14) | BX33: =SUM(BV33,BW33) | BY33: =SUM(BX33,BY31) | CA33: Sa | CB33: =SUM(CD6,CD7,CD8,CD9,CD10,CD11,CD12,CD13,CD14) | CD33: =SUM(CB33,CC33) | CE33: =SUM(CD33,CE31) | CG33: Sa | CH33: =SUM(CJ6,CJ7,CJ8,CJ9,CJ10,CJ11,CJ12,CJ13,CJ14) | CJ33: =SUM(CH33,CI33) | CK33: =SUM(CJ33,CK31) | CM33: Sa | CN33: =SUM(CP6,CP7,CP8,CP9,CP10,CP11,CP12,CP13,CP14) | CP33: =SUM(CN33,CO33) | CQ33: =SUM(CP33,CQ31) | CS33: Sa | CT33: =SUM(CV6,CV7,CV8,CV9,CV10,CV11,CV12,CV13,CV14) | CV33: =SUM(CT33,CU33) | CW33: =SUM(CV33,CW31) | CY33: Sa | CZ33: =SUM(DB6,DB7,DB8,DB9,DB10,DB11,DB12,DB13,DB14) | DB33: =SUM(CZ33,DA33) | DC33: =SUM(DB33,DC31) | DE33: Sa | DF33: =SUM(DH6,DH7,DH8,DH9,DH10,DH11,DH12,DH13,DH14) | DH33: =SUM(DF33,DG33) | DI33: =SUM(DH33,DI31) | DK33: Sa | DL33: =SUM(DN6,DN7,DN8,DN9,DN10,DN11,DN12,DN13,DN14) | DN33: =SUM(DL33,DM33) | DO33: =SUM(DN33,DO31) | DQ33: Sa | DR33: =SUM(DT6,DT7,DT8,DT9,DT10,DT11,DT12,DT13,DT14) | DT33: =SUM(DR33,DS33) | DU33: =SUM(DT33,DU31) | DW33: Sa | DX33: =SUM(DZ6,DZ7,DZ8,DZ9,DZ10,DZ11,DZ12,DZ13,DZ14) | DZ33: =SUM(DX33,DY33) | EA33: =SUM(DZ33,EA31) | EC33: Sa | ED33: =SUM(EF6,EF7,EF8,EF9,EF10,EF11,EF12,EF13,EF14) | EF33: =SUM(ED33,EE33) | EG33: =SUM(EF33,EG31) | EI33: Sa | EJ33: =SUM(EL6,EL7,EL8,EL9,EL10,EL11,EL12,EL13,EL14) | EL33: =SUM(EJ33,EK33) | EM33: =SUM(EL33,EM31) | EO33: Sa | EP33: =SUM(ER6,ER7,ER8,ER9,ER10,ER11,ER12,ER13,ER14) | ER33: =SUM(EP33,EQ33) | ES33: =SUM(ER33,ES31) | EU33: Sa | EV33: =SUM(EX6,EX7,EX8,EX9,EX10,EX11,EX12,EX13,EX14) | EX33: =SUM(EV33,EW33) | EY33: =SUM(EX33,EY31) | FA33: Sa | FB33: =SUM(FD6,FD7,FD8,FD9,FD10,FD11,FD12,FD13,FD14) | FD33: =SUM(FB33,FC33) | FE33: =SUM(FD33,FE31) | FG33: Sa | FH33: =SUM(FJ6,FJ7,FJ8,FJ9,FJ10,FJ11,FJ12,FJ13,FJ14) | FJ33: =SUM(FH33,FI33) | FK33: =SUM(FJ33,FK31) | FM33: Sa | FN33: =SUM(FP6,FP7,FP8,FP9,FP10,FP11,FP12,FP13,FP14) | FP33: =SUM(FN33,FO33) | FQ33: =SUM(FP33,FQ31) | FS33: Sa | FT33: =SUM(FV6,FV7,FV8,FV9,FV10,FV11,FV12,FV13,FV14) | FV33: =SUM(FT33,FU33) | FW33: =SUM(FV33,FW31) | FY33: Sa | FZ33: =SUM(GB6,GB7,GB8,GB9,GB10,GB11,GB12,GB13,GB14) | GB33: =SUM(FZ33,GA33) | GC33: =SUM(GB33,GC31) | GE33: Sa | GF33: =SUM(GH6,GH7,GH8,GH9,GH10,GH11,GH12,GH13,GH14) | GH33: =SUM(GF33,GG33) | GI33: =SUM(GH33,GI31) | GK33: Sa | GL33: =SUM(GN6,GN7,GN8,GN9,GN10,GN11,GN12,GN13,GN14) | GN33: =SUM(GL33,GM33) | GO33: =SUM(GN33,GO31) | GQ33: Sa | GR33: =SUM(GT6,GT7,GT8,GT9,GT10,GT11,GT12,GT13,GT14) | GT33: =SUM(GR33,GS33) | GU33: =SUM(GT33,GU31)
B34: per whatsapp oder sms:
B35: 01717814969 (bächli) | M35: So | O35: =SUM(P18,P19,P20,P21,P22,P23,P24,P25,P26) | P35: =SUM(N35,O35) | Q35: =SUM(P35,Q33) | S35: So | U35: =SUM(V18,V19,V20,V21,V22,V23,V24,V25,V26) | V35: =SUM(T35,U35) | W35: =SUM(V35,W33) | Y35: So | AA35: =SUM(AB18,AB19,AB20,AB21,AB22,AB23,AB24,AB25,AB26) | AB35: =SUM(Z35,AA35) | AC35: =SUM(AB35,AC33) | AE35: So | AG35: =SUM(AH18,AH19,AH20,AH21,AH22,AH23,AH24,AH25,AH26) | AH35: =SUM(AF35,AG35) | AI35: =SUM(AH35,AI33) | AK35: So | AM35: =SUM(AN18,AN19,AN20,AN21,AN22,AN23,AN24,AN25,AN26) | AN35: =SUM(AL35,AM35) | AO35: =SUM(AN35,AO33) | AQ35: So | AS35: =SUM(AT18,AT19,AT20,AT21,AT22,AT23,AT24,AT25,AT26) | AT35: =SUM(AR35,AS35) | AU35: =SUM(AT35,AU33) | AW35: So | AY35: =SUM(AZ18,AZ19,AZ20,AZ21,AZ22,AZ23,AZ24,AZ25,AZ26) | AZ35: =SUM(AX35,AY35) | BA35: =SUM(AZ35,BA33) | BC35: So | BE35: =SUM(BF18,BF19,BF20,BF21,BF22,BF23,BF24,BF25,BF26) | BF35: =SUM(BD35,BE35) | BG35: =SUM(BF35,BG33) | BI35: So | BK35: =SUM(BL18,BL19,BL20,BL21,BL22,BL23,BL24,BL25,BL26) | BL35: =SUM(BJ35,BK35) | BM35: =SUM(BL35,BM33) | BO35: So | BQ35: =SUM(BR18,BR19,BR20,BR21,BR22,BR23,BR24,BR25,BR26) | BR35: =SUM(BP35,BQ35) | BS35: =SUM(BR35,BS33) | BU35: So | BW35: =SUM(BX18,BX19,BX20,BX21,BX22,BX23,BX24,BX25,BX26) | BX35: =SUM(BV35,BW35) | BY35: =SUM(BX35,BY33) | CA35: So | CC35: =SUM(CD18,CD19,CD20,CD21,CD22,CD23,CD24,CD25,CD26) | CD35: =SUM(CB35,CC35) | CE35: =SUM(CD35,CE33) | CG35: So | CI35: =SUM(CJ18,CJ19,CJ20,CJ21,CJ22,CJ23,CJ24,CJ25,CJ26) | CJ35: =SUM(CH35,CI35) | CK35: =SUM(CJ35,CK33) | CM35: So | CO35: =SUM(CP18,CP19,CP20,CP21,CP22,CP23,CP24,CP25,CP26) | CP35: =SUM(CN35,CO35) | CQ35: =SUM(CP35,CQ33) | CS35: So | CU35: =SUM(CV18,CV19,CV20,CV21,CV22,CV23,CV24,CV25,CV26) | CV35: =SUM(CT35,CU35) | CW35: =SUM(CV35,CW33) | CY35: So | DA35: =SUM(DB18,DB19,DB20,DB21,DB22,DB23,DB24,DB25,DB26) | DB35: =SUM(CZ35,DA35) | DC35: =SUM(DB35,DC33) | DE35: So | DG35: =SUM(DH18,DH19,DH20,DH21,DH22,DH23,DH24,DH25,DH26) | DH35: =SUM(DF35,DG35) | DI35: =SUM(DH35,DI33) | DK35: So | DM35: =SUM(DN18,DN19,DN20,DN21,DN22,DN23,DN24,DN25,DN26) | DN35: =SUM(DL35,DM35) | DO35: =SUM(DN35,DO33) | DQ35: So | DS35: =SUM(DT18,DT19,DT20,DT21,DT22,DT23,DT24,DT25,DT26) | DT35: =SUM(DR35,DS35) | DU35: =SUM(DT35,DU33) | DW35: So | DY35: =SUM(DZ18,DZ19,DZ20,DZ21,DZ22,DZ23,DZ24,DZ25,DZ26) | DZ35: =SUM(DX35,DY35) | EA35: =SUM(DZ35,EA33) | EC35: So | EE35: =SUM(EF18,EF19,EF20,EF21,EF22,EF23,EF24,EF25,EF26) | EF35: =SUM(ED35,EE35) | EG35: =SUM(EF35,EG33) | EI35: So | EK35: =SUM(EL18,EL19,EL20,EL21,EL22,EL23,EL24,EL25,EL26) | EL35: =SUM(EJ35,EK35) | EM35: =SUM(EL35,EM33) | EO35: So | EQ35: =SUM(ER18,ER19,ER20,ER21,ER22,ER23,ER24,ER25,ER26) | ER35: =SUM(EP35,EQ35) | ES35: =SUM(ER35,ES33) | EU35: So | EW35: =SUM(EX18,EX19,EX20,EX21,EX22,EX23,EX24,EX25,EX26) | EX35: =SUM(EV35,EW35) | EY35: =SUM(EX35,EY33) | FA35: So | FC35: =SUM(FD18,FD19,FD20,FD21,FD22,FD23,FD24,FD25,FD26) | FD35: =SUM(FB35,FC35) | FE35: =SUM(FD35,FE33) | FG35: So | FI35: =SUM(FJ18,FJ19,FJ20,FJ21,FJ22,FJ23,FJ24,FJ25,FJ26) | FJ35: =SUM(FH35,FI35) | FK35: =SUM(FJ35,FK33) | FM35: So | FO35: =SUM(FP18,FP19,FP20,FP21,FP22,FP23,FP24,FP25,FP26) | FP35: =SUM(FN35,FO35) | FQ35: =SUM(FP35,FQ33) | FS35: So | FU35: =SUM(FV18,FV19,FV20,FV21,FV22,FV23,FV24,FV25,FV26) | FV35: =SUM(FT35,FU35) | FW35: =SUM(FV35,FW33) | FY35: So | GA35: =SUM(GB18,GB19,GB20,GB21,GB22,GB23,GB24,GB25,GB26) | GB35: =SUM(FZ35,GA35) | GC35: =SUM(GB35,GC33) | GE35: So | GG35: =SUM(GH18,GH19,GH20,GH21,GH22,GH23,GH24,GH25,GH26) | GH35: =SUM(GF35,GG35) | GI35: =SUM(GH35,GI33) | GK35: So | GM35: =SUM(GN18,GN19,GN20,GN21,GN22,GN23,GN24,GN25,GN26) | GN35: =SUM(GL35,GM35) | GO35: =SUM(GN35,GO33) | GQ35: So | GS35: =SUM(GT18,GT19,GT20,GT21,GT22,GT23,GT24,GT25,GT26) | GT35: =SUM(GR35,GS35) | GU35: =SUM(GT35,GU33)
B36: 01711991816 (jukkel)
M37: Mo | P37: =SUM(N37,O37) | Q37: =SUM(P37,Q35) | S37: Mo | V37: =SUM(T37,U37) | W37: =SUM(V37,W35) | Y37: Mo | AB37: =SUM(Z37,AA37) | AC37: =SUM(AB37,AC35) | AE37: Mo | AH37: =SUM(AF37,AG37) | AI37: =SUM(AH37,AI35) | AK37: Mo | AN37: =SUM(AL37,AM37) | AO37: =SUM(AN37,AO35) | AQ37: Mo | AT37: =SUM(AR37,AS37) | AU37: =SUM(AT37,AU35) | AW37: Mo | AZ37: =SUM(AX37,AY37) | BA37: =SUM(AZ37,BA35) | BC37: Mo | BF37: =SUM(BD37,BE37) | BG37: =SUM(BF37,BG35) | BI37: Mo | BL37: =SUM(BJ37,BK37) | BM37: =SUM(BL37,BM35) | BO37: Mo | BR37: =SUM(BP37,BQ37) | BS37: =SUM(BR37,BS35) | BU37: Mo | BX37: =SUM(BV37,BW37) | BY37: =SUM(BX37,BY35) | CA37: Mo | CD37: =SUM(CB37,CC37) | CE37: =SUM(CD37,CE35) | CG37: Mo | CJ37: =SUM(CH37,CI37) | CK37: =SUM(CJ37,CK35) | CM37: Mo | CP37: =SUM(CN37,CO37) | CQ37: =SUM(CP37,CQ35) | CS37: Mo | CV37: =SUM(CT37,CU37) | CW37: =SUM(CV37,CW35) | CY37: Mo | DB37: =SUM(CZ37,DA37) | DC37: =SUM(DB37,DC35) | DE37: Mo | DH37: =SUM(DF37,DG37) | DI37: =SUM(DH37,DI35) | DK37: Mo | DN37: =SUM(DL37,DM37) | DO37: =SUM(DN37,DO35) | DQ37: Mo | DT37: =SUM(DR37,DS37) | DU37: =SUM(DT37,DU35) | DW37: Mo | DZ37: =SUM(DX37,DY37) | EA37: =SUM(DZ37,EA35) | EC37: Mo | EF37: =SUM(ED37,EE37) | EG37: =SUM(EF37,EG35) | EI37: Mo | EL37: =SUM(EJ37,EK37) | EM37: =SUM(EL37,EM35) | EO37: Mo | ER37: =SUM(EP37,EQ37) | ES37: =SUM(ER37,ES35) | EU37: Mo | EX37: =SUM(EV37,EW37) | EY37: =SUM(EX37,EY35) | FA37: Mo | FD37: =SUM(FB37,FC37) | FE37: =SUM(FD37,FE35) | FG37: Mo | FJ37: =SUM(FH37,FI37) | FK37: =SUM(FJ37,FK35) | FM37: Mo | FP37: =SUM(FN37,FO37) | FQ37: =SUM(FP37,FQ35) | FS37: Mo | FV37: =SUM(FT37,FU37) | FW37: =SUM(FV37,FW35) | FY37: Mo | GB37: =SUM(FZ37,GA37) | GC37: =SUM(GB37,GC35) | GE37: Mo | GH37: =SUM(GF37,GG37) | GI37: =SUM(GH37,GI35) | GK37: Mo | GN37: =SUM(GL37,GM37) | GO37: =SUM(GN37,GO35) | GQ37: Mo | GT37: =SUM(GR37,GS37) | GU37: =SUM(GT37,GU35)
B38: Deadline: Eine Minute vor Beginn des
B39: ersten zum Tipptag zählenden Spiels! | M39: G | N39: =SUM(N31,N33,N35,N37) | O39: =SUM(O31,O33,O35,O37) | Q39: =SUM(Q37) | S39: G | T39: =SUM(T31,T33,T35,T37) | U39: =SUM(U31,U33,U35,U37) | W39: =SUM(W37) | Y39: G | Z39: =SUM(Z31,Z33,Z35,Z37) | AA39: =SUM(AA31,AA33,AA35,AA37) | AC39: =SUM(AC37) | AE39: G | AF39: =SUM(AF31,AF33,AF35,AF37) | AG39: =SUM(AG31,AG33,AG35,AG37) | AI39: =SUM(AI37) | AK39: G | AL39: =SUM(AL31,AL33,AL35,AL37) | AM39: =SUM(AM31,AM33,AM35,AM37) | AO39: =SUM(AO37) | AQ39: G | AR39: =SUM(AR31,AR33,AR35,AR37) | AS39: =SUM(AS31,AS33,AS35,AS37) | AU39: =SUM(AU37) | AW39: G | AX39: =SUM(AX31,AX33,AX35,AX37) | AY39: =SUM(AY31,AY33,AY35,AY37) | BA39: =SUM(BA37) | BC39: G | BD39: =SUM(BD31,BD33,BD35,BD37) | BE39: =SUM(BE31,BE33,BE35,BE37) | BG39: =SUM(BG37) | BI39: G | BJ39: =SUM(BJ31,BJ33,BJ35,BJ37) | BK39: =SUM(BK31,BK33,BK35,BK37) | BM39: =SUM(BM37) | BO39: G | BP39: =SUM(BP31,BP33,BP35,BP37) | BQ39: =SUM(BQ31,BQ33,BQ35,BQ37) | BS39: =SUM(BS37) | BU39: G | BV39: =SUM(BV31,BV33,BV35,BV37) | BW39: =SUM(BW31,BW33,BW35,BW37) | BY39: =SUM(BY37) | CA39: G | CB39: =SUM(CB31,CB33,CB35,CB37) | CC39: =SUM(CC31,CC33,CC35,CC37) | CE39: =SUM(CE37) | CG39: G | CH39: =SUM(CH31,CH33,CH35,CH37) | CI39: =SUM(CI31,CI33,CI35,CI37) | CK39: =SUM(CK37) | CM39: G | CN39: =SUM(CN31,CN33,CN35,CN37) | CO39: =SUM(CO31,CO33,CO35,CO37) | CQ39: =SUM(CQ37) | CS39: G | CT39: =SUM(CT31,CT33,CT35,CT37) | CU39: =SUM(CU31,CU33,CU35,CU37) | CW39: =SUM(CW37) | CY39: G | CZ39: =SUM(CZ31,CZ33,CZ35,CZ37) | DA39: =SUM(DA31,DA33,DA35,DA37) | DC39: =SUM(DC37) | DE39: G | DF39: =SUM(DF31,DF33,DF35,DF37) | DG39: =SUM(DG31,DG33,DG35,DG37) | DI39: =SUM(DI37) | DK39: G | DL39: =SUM(DL31,DL33,DL35,DL37) | DM39: =SUM(DM31,DM33,DM35,DM37) | DO39: =SUM(DO37) | DQ39: G | DR39: =SUM(DR31,DR33,DR35,DR37) | DS39: =SUM(DS31,DS33,DS35,DS37) | DU39: =SUM(DU37) | DW39: G | DX39: =SUM(DX31,DX33,DX35,DX37) | DY39: =SUM(DY31,DY33,DY35,DY37) | EA39: =SUM(EA37) | EC39: G | ED39: =SUM(ED31,ED33,ED35,ED37) | EE39: =SUM(EE31,EE33,EE35,EE37) | EG39: =SUM(EG37) | EI39: G | EJ39: =SUM(EJ31,EJ33,EJ35,EJ37) | EK39: =SUM(EK31,EK33,EK35,EK37) | EM39: =SUM(EM37) | EO39: G | EP39: =SUM(EP31,EP33,EP35,EP37) | EQ39: =SUM(EQ31,EQ33,EQ35,EQ37) | ES39: =SUM(ES37) | EU39: G | EV39: =SUM(EV31,EV33,EV35,EV37) | EW39: =SUM(EW31,EW33,EW35,EW37) | EY39: =SUM(EY37) | FA39: G | FB39: =SUM(FB31,FB33,FB35,FB37) | FC39: =SUM(FC31,FC33,FC35,FC37) | FE39: =SUM(FE37) | FG39: G | FH39: =SUM(FH31,FH33,FH35,FH37) | FI39: =SUM(FI31,FI33,FI35,FI37) | FK39: =SUM(FK37) | FM39: G | FN39: =SUM(FN31,FN33,FN35,FN37) | FO39: =SUM(FO31,FO33,FO35,FO37) | FQ39: =SUM(FQ37) | FS39: G | FT39: =SUM(FT31,FT33,FT35,FT37) | FU39: =SUM(FU31,FU33,FU35,FU37) | FW39: =SUM(FW37) | FY39: G | FZ39: =SUM(FZ31,FZ33,FZ35,FZ37) | GA39: =SUM(GA31,GA33,GA35,GA37) | GC39: =SUM(GC37) | GE39: G | GF39: =SUM(GF31,GF33,GF35,GF37) | GG39: =SUM(GG31,GG33,GG35,GG37) | GI39: =SUM(GI37) | GK39: G | GL39: =SUM(GL31,GL33,GL35,GL37) | GM39: =SUM(GM31,GM33,GM35,GM37) | GO39: =SUM(GO37) | GQ39: G | GR39: =SUM(GR31,GR33,GR35,GR37) | GS39: =SUM(GS31,GS33,GS35,GS37) | GU39: =SUM(GU37)
B40: Check it out!
